roomid,upuid,upname,roomname,uname,timestamp,content
"","","","","鱼糕今天困了没",1747070361,"必须得依靠别的感官"
"","","","","鱼糕今天困了没",1747070354,"因为你闭眼睛没有视觉参照了"
"","","","","鱼糕今天困了没",1747063297,"想必是的"
"","","","","鱼糕今天困了没",1747063007,"copy 到word 文件 丢我"
"","","","","鱼糕今天困了没",1747062989,"发我吧 我整一下"
"","","","","鱼糕今天困了没",1747062885,"可能要登录 你要不全文发我我gpt plus试试"
"","","","","鱼糕今天困了没",1747062851,"一两分钟"
"","","","","鱼糕今天困了没",1747062748,"可以 canvas"
"","","","","鱼糕今天困了没",1747062717,"乳酪绝赞参演中"
"","","","","鱼糕今天困了没",1747062658,"橘猫味香气10.1分"
"","","","","鱼糕今天困了没",1747062607,"gpt还是好用嗷"
"","","","","鱼糕今天困了没",1747058698,"怎么雨诺和akari在一起了啊喂"
"","","","","鱼糕今天困了没",1747058538,"那很喜欢了"
"","","","","鱼糕今天困了没",1747058532,"哦还有百合剧情"
"","","","","鱼糕今天困了没",1747056533,"我是一个卖橘猫的鱼糕店"
"","","","","鱼糕今天困了没",1747056499,"请写我好吗"
"","","","","鱼糕今天困了没",1747056402,"我还会天雷滚滚我好怕怕 tralarero tralala"
"","","","","鱼糕今天困了没",1747056169,"123字都能写"
"","","","","鱼糕今天困了没",1747056152,"akari可以写成灯吧"
"","","","","鱼糕今天困了没",1747056045,"akari 雨诺"
"","","","","鱼糕今天困了没",1747056017,"abnormal好像是第二个词"
"","","","","鱼糕今天困了没",1747056002,"还有这种要求的哦"
"","","","","鱼糕今天困了没",1747055974,"abnormal"
"","","","","鱼糕今天困了没",1747055886,"禁言雨诺吗 那我的逆天sc环节谁给我补啊"
"","","","","鱼糕今天困了没",1747055003,"已经不是一般的饭卷了 一定要大口吃掉"
"","","","","鱼糕今天困了没",1747054929,"营养奋进生日快乐[花]"
"","","","","鱼糕今天困了没",1747032642,"他不说来我肯定几个月才收（"
"","","","","鱼糕今天困了没",1747032618,"我也不知道"
"","","","","鱼糕今天困了没",1747032613,"但是那是上午九点说的"
"","","","","鱼糕今天困了没",1747032601,"他说他会联系我的"
"","","","","鱼糕今天困了没",1747032516,"那很好了"
"","","","","鱼糕今天困了没",1747032499,"诶原来能看到天数吗"
"","","","","鱼糕今天困了没",1747032476,"差不多 收拾完了[dog]"
"","","","","鱼糕今天困了没",1746979214,"？666超管头昏了"
"","","","","鱼糕今天困了没",1746975891,"我没看过 我是丈育（"
"","","","","鱼糕今天困了没",1746975820,"哇那虾壳很补钙了"
"","","","","鱼糕今天困了没",1746975709,"出现了 呆呆诺（"
"","","","","鱼糕今天困了没",1746889944,"凑整！接着！凑整！"
"","","","","鱼糕今天困了没",1746889897,"在现场！（"
"","","","","鱼糕今天困了没",1746889888,"ok 我负责当诺的bass"
"","","","","鱼糕今天困了没",1746889842,"诺，我要跟你组乐队[委屈]"
"","","","","鱼糕今天困了没",1746889783,"主线任务：不要被指认 不要让对面能说话"
"","","","","鱼糕今天困了没",1746889686,"要不然你打他一顿然后跑的够快"
"","","","","鱼糕今天困了没",1746889668,"遇到这种事要不然你跑得快"
"","","","","鱼糕今天困了没",1746889661,"tazer也不可以 喷雾看成分 大部分不行"
"","","","","鱼糕今天困了没",1746889621,"凑整！凑整！"
"","","","","鱼糕今天困了没",1746889569,"不可以 你本人有攻击意图就抓你"
"","","","","鱼糕今天困了没",1746889527,"笑死了还有跟他对骂的 看戏face"
"","","","","鱼糕今天困了没",1746889488,"见人就骂 平等的骂每一个人"
"","","","","鱼糕今天困了没",1746889477,"啊骂人吗 我在dt也遇到过一个疯子"
"","","","","鱼糕今天困了没",1746889454,"没有 我们跑起来他就转头走了"
"","","","","鱼糕今天困了没",1746889435,"侵犯吗 遇到扎过的针你不炸了（"
"","","","","鱼糕今天困了没",1746889406,"我们跑得快赶紧进酒店 还好大厅也有锁"
"","","","","鱼糕今天困了没",1746889380,"感觉是有武器"
"","","","","鱼糕今天困了没",1746889309,"btw我们体型还算挺大的 所以 难说哦"
"","","","","鱼糕今天困了没",1746889280,"被一群homeless盯着+小尾随"
"","","","","鱼糕今天困了没",1746889263,"美服是这样的 我们8个男生晚上11点吃完饭回酒店"
"","","","","鱼糕今天困了没",1746888860,"我可以变成小孩吗 我想被诺老师哄"
"","","","","鱼糕今天困了没",1746888004,"死盖指定了一整周"
"","","","","鱼糕今天困了没",1746887809,"甚至没到明天"
"","","","","鱼糕今天困了没",1746887795,"是诚心的喵"
"","","","","鱼糕今天困了没",1746887439,"前面逆天弹幕没发出来"
"","","","","鱼糕今天困了没",1746887419,"。"
"","","","","鱼糕今天困了没",1746887417,"我弹幕被吃了"
"","","","","鱼糕今天困了没",1746887366,"[doge2][doge2]"
"","","","","鱼糕今天困了没",1746886997,"冰红茶（"
"","","","","鱼糕今天困了没",1746885662,"答应我 冬天结冰的时候过海峡好吗"
"","","","","鱼糕今天困了没",1746885401,"有streetcar交通也方便"
"","","","","鱼糕今天困了没",1746885386,"Spadina Ave全是"
"","","","","鱼糕今天困了没",1746884871,"级别什么的 不关键（"
"","","","","鱼糕今天困了没",1746884857,"咳咳 牌子不重要 对吧"
"","","","","鱼糕今天困了没",1746884822,"去协定国考一个吧 有的地方考得很快的"
"","","","","鱼糕今天困了没",1746884557,"所以idp在国内也没意义喵"
"","","","","鱼糕今天困了没",1746884548,"顺带一提外国的驾照+3个月出境证明可以只考科目一换领"
"","","","","鱼糕今天困了没",1746884491,"因为没签协定 不是管理问题"
"","","","","鱼糕今天困了没",1746884416,"必须得是香港考试拿到的hk驾照才可以"
"","","","","鱼糕今天困了没",1746884402,"国内驾照转香港驾照也不能办idp"
"","","","","鱼糕今天困了没",1746884390,"你想办idp得先考一遍加拿大G牌"
"","","","","鱼糕今天困了没",1746884313,"只有1949那个协定签字的国家才认"
"","","","","鱼糕今天困了没",1746884289,"idp国内驾照没签协议办不了的"
"","","","","鱼糕今天困了没",1746884279,"一想到我要冬天G2考G我就浑身难受"
"","","","","鱼糕今天困了没",1746884209,"我直接考G了"
"","","","","鱼糕今天困了没",1746884202,"只能临时90天还是多久"
"","","","","鱼糕今天困了没",1746884190,"不能"
"","","","","鱼糕今天困了没",1746884075,"我忏悔 我昨天也不在"
"","","","","鱼糕今天困了没",1746883875,"好玩的 请玩"
"","","","","鱼糕今天困了没",1746883835,"[dog]"
"","","","","鱼糕今天困了没",1746883832,"那我要以身作则了"
"","","","","鱼糕今天困了没",1746883821,"懂了 诺想让舰长去找别的妹妹"
"","","","","鱼糕今天困了没",1746883506,"脆肉皖飞踢！"
"","","","","鱼糕今天困了没",1746883375,"翻译君：哼 才没有喜欢雨诺akari呢"
"","","","","鱼糕今天困了没",1746883296,"フフフ　akariちゃんのこと　全然好きじゃないわ[傲娇]"
"","","","","鱼糕今天困了没",1746883124,"对的 是录播"
"","","","","鱼糕今天困了没",1746806617,"晚安～"
"","","","","鱼糕今天困了没",1746806585,"下班下班！"
"","","","","鱼糕今天困了没",1746806555,"没看到在榜"
"","","","","鱼糕今天困了没",1746806247,"先解放右边计时器"
"","","","","鱼糕今天困了没",1746806238,"你接着唱"
"","","","","鱼糕今天困了没",1746806216,"豪得"
"","","","","鱼糕今天困了没",1746805887,"确实有点东西 思路这一块"
"","","","","鱼糕今天困了没",1746805819,"[dog]"
"","","","","鱼糕今天困了没",1746805816,"狗酱你看看人家这个抱枕"
"","","","","鱼糕今天困了没",1746805324,"kyukyukyukyukyukyu"
"","","","","鱼糕今天困了没",1746805281,"难说 我记得之前什么时候是不是出过4个"
"","","","","鱼糕今天困了没",1746805001,"有的有的"
"","","","","鱼糕今天困了没",1746804983,"[dog]"
"","","","","鱼糕今天困了没",1746804980,"活动过了再救"
"","","","","鱼糕今天困了没",1746804701,"[喝彩][喝彩][喝彩][喝彩][喝彩][喝彩][喝彩][喝彩][喝彩]"
"","","","","鱼糕今天困了没",1746804469,"A大一个记者团"
"","","","","鱼糕今天困了没",1746804378,"b站小动作不少[dog]"
"","","","","鱼糕今天困了没",1746804369,"其实我更怀疑加倍城堡限定是全服还是房间[dog]"
"","","","","鱼糕今天困了没",1746804297,"[dog]"
"","","","","鱼糕今天困了没",1746804293,"我有提"
"","","","","鱼糕今天困了没",1746804247,"哦哦哦 权杖 好"
"","","","","鱼糕今天困了没",1746804223,"wwwwwwww"
"","","","","鱼糕今天困了没",1746804136,"zfb+3%手续费"
"","","","","鱼糕今天困了没",1746804115,"b站甚至paypal接口维护"
"","","","","鱼糕今天困了没",1746804076,"我单抽出过8连棉花糖"
"","","","","鱼糕今天困了没",1746804060,"应该没有保底"
"","","","","鱼糕今天困了没",1746804018,"再来10个 肯定有"
"","","","","鱼糕今天困了没",1746803997,"这是b站在来城堡之前对意志力的考验（编不下去了"
"","","","","鱼糕今天困了没",1746803942,"我已经躺下了"
"","","","","鱼糕今天困了没",1746803928,"难绷"
"","","","","鱼糕今天困了没",1746803702,"xswl"
"","","","","鱼糕今天困了没",1746803701,"wwwwwwwwwwwwwwww"
"","","","","鱼糕今天困了没",1746803582,"一定是城堡要来了"
"","","","","鱼糕今天困了没",1746803578,"为什么你电影票这么少"
"","","","","鱼糕今天困了没",1746803460,"来个人出城堡让我看到24好吗"
"","","","","鱼糕今天困了没",1746803175,"我在想续提督其实 再喂这个月提没了"
"","","","","鱼糕今天困了没",1746803073,"有点伤心了"
"","","","","鱼糕今天困了没",1746803023,"当前总计390"
"","","","","鱼糕今天困了没",1746803013,"我不知道啊 我城堡呢"
"","","","","鱼糕今天困了没",1746802920,"对的兄弟 对的"
"","","","","鱼糕今天困了没",1746802910,"bur"
"","","","","鱼糕今天困了没",1746802884,"算上上次当前总计350"
"","","","","鱼糕今天困了没",1746802862,"掉小珍珠了"
"","","","","鱼糕今天困了没",1746802812,"感觉是"
"","","","","鱼糕今天困了没",1746802809,"点赞的都是你的号吗"
"","","","","鱼糕今天困了没",1746802755,"你看 这不就加了"
"","","","","鱼糕今天困了没",1746802694,"会有的 6%呢"
"","","","","鱼糕今天困了没",1746802638,"我想着 整点之前 和整点 整个10连"
"","","","","鱼糕今天困了没",1746802586,"我有罪"
"","","","","鱼糕今天困了没",1746802551,"可以挑战一下最高纪录[dog]"
"","","","","鱼糕今天困了没",1746802532,"心动盲盒～ 今天概率加倍～[dog]"
"","","","","鱼糕今天困了没",1746802486,"工具人的自我修养"
"","","","","鱼糕今天困了没",1746802254,"对的 正确的"
"","","","","鱼糕今天困了没",1746802010,"wwwwwwww"
"","","","","鱼糕今天困了没",1746801905,"懂了 时长快没了再补"
"","","","","鱼糕今天困了没",1746801548,"[喝彩][喝彩][喝彩][喝彩][喝彩][喝彩][喝彩][喝彩][喝彩][喝彩][喝彩][喝彩][喝彩]"
"","","","","鱼糕今天困了没",1746801424,"[dog]"
"","","","","鱼糕今天困了没",1746801422,"好的 开播"
"","","","","鱼糕今天困了没",1746801409,"怎么还是减时长（"
"","","","","鱼糕今天困了没",1746800924,"点歌 yorushika"
"","","","","鱼糕今天困了没",1746800509,"24小时 启动[dog]"
"","","","","鱼糕今天困了没",1746800484,"今天4倍"
"","","","","鱼糕今天困了没",1746799542,"美女你谁"
"","","","","鱼糕今天困了没",1746796278,"我宣布我今天晚上吃的重庆火锅[dog]"
"","","","","鱼糕今天困了没",1746757979,"去日本和香港花的有点超预算 再存存"
"","","","","鱼糕今天困了没",1746757925,"好像9.3开始上课"
"","","","","鱼糕今天困了没",1746757915,"8月底 9月头"
"","","","","鱼糕今天困了没",1746757878,"没事干"
"","","","","鱼糕今天困了没",1746757876,"我在刷手机呢"
"","","","","鱼糕今天困了没",1746757448,"xswl"
"","","","","鱼糕今天困了没",1746757443,"5个250吗"
"","","","","鱼糕今天困了没",1746713900,"喂我（"
"","","","","鱼糕今天困了没",1746713895,"晚上好！是饭饭诺！"
"","","","","鱼糕今天困了没",1746629752,"ztmy的我大部分看着词都会"
"","","","","鱼糕今天困了没",1746629730,"我也摸了好久才熟"
"","","","","鱼糕今天困了没",1746629719,"你慢慢学"
"","","","","鱼糕今天困了没",1746629716,"不急[dog]"
"","","","","鱼糕今天困了没",1746629669,"晚上好[花]"
"","","","","鱼糕今天困了没",1746629620,"ben"
"","","","","鱼糕今天困了没",1746629582,"犇[dog]"
"","","","","鱼糕今天困了没",1746629472,"为何行此大礼"
"","","","","鱼糕今天困了没",1746629382,"不是造纸？[dog][dog]"
"","","","","鱼糕今天困了没",1746629304,"you4 shuang1 ruo4 zhuo2"
"","","","","鱼糕今天困了没",1746629157,"plz：又双叒叕"
"","","","","鱼糕今天困了没",1746628866,"考考诺英语吧"
"","","","","鱼糕今天困了没",1746628771,"诶 别教她[dog]"
"","","","","鱼糕今天困了没",1746628543,"跟我交换吧 我想要诺脑"
"","","","","鱼糕今天困了没",1746628442,"呆呆诺 进化为了 诺鱼糕！"
"","","","","鱼糕今天困了没",1746628389,"诺并非在法语区"
"","","","","鱼糕今天困了没",1746628361,"tsukamaeta"
"","","","","鱼糕今天困了没",1746628355,"这是 宝可梦的 捕捉台词"
"","","","","鱼糕今天困了没",1746628074,"啊啊啊有呆呆诺[傲娇]"
"","","","","鱼糕今天困了没",1746628026,"坏了 不会因为丈育不知道是哪个字吧"
"","","","","鱼糕今天困了没",1746627847,"呆呆诺（"
"","","","","鱼糕今天困了没",1746627822,"单位呢 单位呢"
"","","","","鱼糕今天困了没",1746627762,"直钩也能钓到啊"
"","","","","鱼糕今天困了没",1746627699,"晚上好[花]"
"","","","","鱼糕今天困了没",1746584029,"对的对的"
"","","","","鱼糕今天困了没",1746583977,"正在思考午饭"
"","","","","鱼糕今天困了没",1746583968,"算是"
"","","","","鱼糕今天困了没",1746583942,"oi 早！"
"","","","","鱼糕今天困了没",1746543482,"好使"
"","","","","鱼糕今天困了没",1746543479,"京都念慈庵 川贝枇杷膏"
"","","","","鱼糕今天困了没",1746543434,"难绷10:16"
"","","","","鱼糕今天困了没",1746543373,"b站对于竖屏的谜之坚持"
"","","","","鱼糕今天困了没",1746543194,"想起了一件对对碰趣事"
"","","","","鱼糕今天困了没",1746542818,"那很有实力了"
"","","","","鱼糕今天困了没",1746542761,"感觉是最近小孩放假了"
"","","","","鱼糕今天困了没",1746542652,"🦵这个icon可以"
"","","","","鱼糕今天困了没",1746542644,"腿发不出来的"
"","","","","鱼糕今天困了没",1746542529,"在你私信里面"
"","","","","鱼糕今天困了没",1746542451,"发生啥了"
"","","","","鱼糕今天困了没",1746542354,"啊对的对的"
"","","","","鱼糕今天困了没",1746542324,"哦哦哦等一下 ztmy的 片假名我找一下"
"","","","","鱼糕今天困了没",1746542301,"你先吃着"
"","","","","鱼糕今天困了没",1746542263,"点歌 mirror tune"
"","","","","鱼糕今天困了没",1746541950,"我请求录播姬"
"","","","","鱼糕今天困了没",1746541928,"哈哈哈哈哈哈哈哈哈哈哈哈哈"
"","","","","鱼糕今天困了没",1746541920,"草"
"","","","","鱼糕今天困了没",1746541860,"主包能不能模仿敲门的声音"
"","","","","鱼糕今天困了没",1746541829,"神秘音效模拟器"
"","","","","鱼糕今天困了没",1746541531,"参考我ip"
"","","","","鱼糕今天困了没",1746541510,"可以登的 只是慢"
"","","","","鱼糕今天困了没",1746541482,"[dog]"
"","","","","鱼糕今天困了没",1746541476,"诶 其实我可以开播p5s然后宣称是你"
"","","","","鱼糕今天困了没",1746541461,"crocodilo bombardiro"
"","","","","鱼糕今天困了没",1746541413,"分身是我播的 关注我就有的看[dog]"
"","","","","鱼糕今天困了没",1746541262,"晚上好～"
"","","","","鱼糕今天困了没",1746541177,"感觉诺好小一只"
"","","","","鱼糕今天困了没",1746541123,"想吃龙尾巴"
"","","","","鱼糕今天困了没",1746540956,"诺 如果我的另外一个头占据我的意识 你会想我的吧[dog]"
"","","","","鱼糕今天困了没",1746540872,"哇还有玩战雷的"
"","","","","鱼糕今天困了没",1746540681,"诺steam好像没怎么加wishlist？"
"","","","","鱼糕今天困了没",1746540583,"那很直球了"
"","","","","鱼糕今天困了没",1746540570,"咳 有"
"","","","","鱼糕今天困了没",1746540497,"除了fps以外我交流都包友好啊[dog]"
"","","","","鱼糕今天困了没",1746540429,"符合我对fps的理解"
"","","","","鱼糕今天困了没",1746540326,"打fps吗 不好说交流友不友好啊👌"
"","","","","鱼糕今天困了没",1746540275,"助眠也好 带个耳机看一会儿就眯着了"
"","","","","鱼糕今天困了没",1746540194,"大家好 我是雨诺王"
"","","","","鱼糕今天困了没",1746540131,"恐怖故事2 其实诺见过我名字"
"","","","","鱼糕今天困了没",1746540098,"不是 三个字那个"
"","","","","鱼糕今天困了没",1746540084,"跟我名字发音就差一点"
"","","","","鱼糕今天困了没",1746540072,"草 这个id 我差点以为谁开我盒了"
"","","","","鱼糕今天困了没",1746539959,"喜欢诺喜欢诺喜欢诺喜欢诺喜欢诺"
"","","","","鱼糕今天困了没",1746539943,"诺真是cos什么本体就像什么（"
"","","","","鱼糕今天困了没",1746539860,"因为是录播 这是录播的痕迹"
"","","","","鱼糕今天困了没",1746539791,"一时欺负一时爽 一直欺负一直爽"
"","","","","鱼糕今天困了没",1746539733,"诺宝小脸好软啊 想炖"
"","","","","鱼糕今天困了没",1746539237,"那可好玩了"
"","","","","鱼糕今天困了没",1746539230,"我之前在学校艺术教室里面拿素描纸搓过手枪和枪套"
"","","","","鱼糕今天困了没",1746539168,"想cos雨诺，cos服哪里可以买"
"","","","","鱼糕今天困了没",1746539116,"东方知名度挺高的"
"","","","","鱼糕今天困了没",1746539044,"男的出妹妹角色吗 更喜欢了"
"","","","","鱼糕今天困了没",1746505533,"不好说"
"","","","","鱼糕今天困了没",1746505531,"今天早上7.醒了"
"","","","","鱼糕今天困了没",1746505525,"昨天晚上三点睡着的"
"","","","","鱼糕今天困了没",1746505519,"应该不是"
"","","","","鱼糕今天困了没",1746505344,"头晕晕的"
"","","","","鱼糕今天困了没",1746505336,"生物钟太乱了"
"","","","","鱼糕今天困了没",1746505262,"眯着了"
"","","","","鱼糕今天困了没",1746505053,"下一个该球了"
"","","","","鱼糕今天困了没",1746505029,"兔子玩球（1/1）"
"","","","","鱼糕今天困了没",1746504752,"掉小珍珠了"
"","","","","鱼糕今天困了没",1746504741,"？"
"","","","","鱼糕今天困了没",1746504626,"哇 花车"
"","","","","鱼糕今天困了没",1746467550,"晚安小公举～"
"","","","","鱼糕今天困了没",1746467429,"我都多少年没充过大会员了"
"","","","","鱼糕今天困了没",1746467417,"想吃米了是这样的"
"","","","","鱼糕今天困了没",1746467268,"我干脆展示052了"
"","","","","鱼糕今天困了没",1746467234,"小隐藏都008了"
"","","","","鱼糕今天困了没",1746467225,"我当时抽晚了"
"","","","","鱼糕今天困了没",1746467004,"hhhhhhh好"
"","","","","鱼糕今天困了没",1746466961,"明天还有播播吗"
"","","","","鱼糕今天困了没",1746466890,"肥肠好吃"
"","","","","鱼糕今天困了没",1746466852,"问就是北美猪肉是这么来的"
"","","","","鱼糕今天困了没",1746466828,"那可难吃了"
"","","","","鱼糕今天困了没",1746466717,"草 那个我看到了"
"","","","","鱼糕今天困了没",1746466697,"看不下去"
"","","","","鱼糕今天困了没",1746466691,"现在还有ai文的"
"","","","","鱼糕今天困了没",1746466671,"油碟也好吃"
"","","","","鱼糕今天困了没",1746466664,"麻酱 好吃"
"","","","","鱼糕今天困了没",1746466585,"你播呗"
"","","","","鱼糕今天困了没",1746466552,"逻辑是这么个逻辑"
"","","","","鱼糕今天困了没",1746466543,"对的对的"
"","","","","鱼糕今天困了没",1746466512,"我都没打完呢"
"","","","","鱼糕今天困了没",1746466503,"狗酱打字真快吧"
"","","","","鱼糕今天困了没",1746466494,"你帮你亲戚带孩子也行"
"","","","","鱼糕今天困了没",1746466482,"不好说 十年后你不得带孩子"
"","","","","鱼糕今天困了没",1746466403,"没办法 余额0了"
"","","","","鱼糕今天困了没",1746466354,"我还没充"
"","","","","鱼糕今天困了没",1746466351,"你数慢点"
"","","","","鱼糕今天困了没",1746466312,"那很开明了"
"","","","","鱼糕今天困了没",1746466237,"感觉bro单线程cpu要烧了"
"","","","","鱼糕今天困了没",1746466224,"那很好请问你辩论的点在哪里"
"","","","","鱼糕今天困了没",1746466172,"我没意见 纯养活我的"
"","","","","鱼糕今天困了没",1746466163,"你多生点 我学个教资去"
"","","","","鱼糕今天困了没",1746466070,"可以编一集神人tv了"
"","","","","鱼糕今天困了没",1746466013,"能先让我活着吗."
"","","","","鱼糕今天困了没",1746465998,"我都不知道我下一顿吃啥"
"","","","","鱼糕今天困了没",1746465987,"就目前来看我毕业是要失业的"
"","","","","鱼糕今天困了没",1746465970,"难说"
"","","","","鱼糕今天困了没",1746465928,"团总乖 咱不听他吓你"
"","","","","鱼糕今天困了没",1746465914,"如果没钱 那程序是这么写的"
"","","","","鱼糕今天困了没",1746465896,"你父母这么有钱还被当成是当然的 那你的理解层面也就到这边了"
"","","","","鱼糕今天困了没",1746465813,"我不好说"
"","","","","鱼糕今天困了没",1746465808,"确实硬气啊"
"","","","","鱼糕今天困了没",1746465739,"我没意见"
"","","","","鱼糕今天困了没",1746465734,"这样 那房子你送我一套"
"","","","","鱼糕今天困了没",1746465682,"别忘了付抚养费"
"","","","","鱼糕今天困了没",1746465675,"也算生了"
"","","","","鱼糕今天困了没",1746465670,"你这么想生你可以去捐"
"","","","","鱼糕今天困了没",1746465611,"符合刻板印象"
"","","","","鱼糕今天困了没",1746465573,"。"
"","","","","鱼糕今天困了没",1746465547,"你自己说的找亲戚 神人逻辑系统"
"","","","","鱼糕今天困了没",1746465458,"0个人喜欢处理亲戚关系"
"","","","","鱼糕今天困了没",1746465382,"bro觉得中间可以gap一代变出孩子"
"","","","","鱼糕今天困了没",1746465368,"50年我都70了谁家还考虑生孩子"
"","","","","鱼糕今天困了没",1746465148,"再降我要饿死了"
"","","","","鱼糕今天困了没",1746465133,"降低消费吗 来一个人跟我豌杂面$19讲道理呢"
"","","","","鱼糕今天困了没",1746465034,"我都不知道我有啥岗位能进的"
"","","","","鱼糕今天困了没",1746464966,"养得还行 和养的很好 是两回事"
"","","","","鱼糕今天困了没",1746464875,"分走修为hhhhh"
"","","","","鱼糕今天困了没",1746464793,"有钱没地方花的建议把钱给我花"
"","","","","鱼糕今天困了没",1746464669,"true dude"
"","","","","鱼糕今天困了没",1746464627,"我生活费支撑自己都难"
"","","","","鱼糕今天困了没",1746464616,"都没几个谈得稳定的"
"","","","","鱼糕今天困了没",1746464602,"22-25都没有几个结婚的"
"","","","","鱼糕今天困了没",1746464582,"22-25？"
"","","","","鱼糕今天困了没",1746458853,"我是想回应一下来着"
"","","","","鱼糕今天困了没",1746458827,"啊哦哦哦你们家有个人叫嗷呜（"
"","","","","鱼糕今天困了没",1746458805,"嗷呜"
"","","","","鱼糕今天困了没",1746453222,"我… 我要天天发变态sc[妙]"
"","","","","鱼糕今天困了没",1746453191,"如果诺每7天就忘记诺球球一次[委屈]"
"","","","","鱼糕今天困了没",1746453079,"bur"
"","","","","鱼糕今天困了没",1746452910,"其实在那之前刷到过诺（ 只是没点进来（"
"","","","","鱼糕今天困了没",1746452755,"诺好棒哦"
"","","","","鱼糕今天困了没",1746452750,"是黑猴开荒直播 对的喵"
"","","","","鱼糕今天困了没",1746452634,"那我不禁想问 诺记得我第一次什么时候来的吗（"
"","","","","鱼糕今天困了没",1746452476,"呜呜呜 虽然我跪着有点痛 但是为了诺 我愿意呜呜呜 （哼）"
"","","","","鱼糕今天困了没",1746452403,"チョコミント！よりも　akari！"
"","","","","鱼糕今天困了没",1746452386,"诺会理解一下的吧 我才不会喜欢别的主包呢"
"","","","","鱼糕今天困了没",1746452337,"滑跪"
"","","","","鱼糕今天困了没",1746452333,"草"
"","","","","鱼糕今天困了没",1746452327,"啊我戴的狐宝吗"
"","","","","鱼糕今天困了没",1746452281,"喜欢诺喜欢诺喜欢诺喜欢诺喜欢诺喜欢诺喜欢诺喜欢诺喜欢诺喜欢诺喜欢诺喜欢诺喜欢诺"
"","","","","鱼糕今天困了没",1746452159,"整块的鲜味足喔"
"","","","","鱼糕今天困了没",1746452054,"[dog]"
"","","","","鱼糕今天困了没",1746452050,"你的就是我的 我的还是我的"
"","","","","鱼糕今天困了没",1746452041,"这样 死盖 你分诺 我绑你"
"","","","","鱼糕今天困了没",1746451945,"护食 发来！"
"","","","","鱼糕今天困了没",1746451934,"你小子"
"","","","","鱼糕今天困了没",1746451846,"我支持"
"","","","","鱼糕今天困了没",1746451671,"所以死盖qaq是代餐 对的对的"
"","","","","鱼糕今天困了没",1746451613,"是诺的味道"
"","","","","鱼糕今天困了没",1746451526,"死盖qaq… 我要吃掉你…"
"","","","","鱼糕今天困了没",1746451431,"老板糊涂啊"
"","","","","鱼糕今天困了没",1746451370,"麻辣 嘿嘿嘿 麻辣"
"","","","","鱼糕今天困了没",1746451361,"我要诺脑"
"","","","","鱼糕今天困了没",1746451214,"请骂我好吗[可怜]"
"","","","","鱼糕今天困了没",1746451191,"[dog][dog]"
"","","","","鱼糕今天困了没",1746451185,"那啥 提督能多分一点就行 我要求不高"
"","","","","鱼糕今天困了没",1746451086,"啊呜啊呜啊呜 好香"
"","","","","鱼糕今天困了没",1746451077,"没有肩膀粉吗 那我吃咯"
"","","","","鱼糕今天困了没",1746450994,"我也要（"
"","","","","鱼糕今天困了没",1746450990,"你不要吃太好了啊喂"
"","","","","鱼糕今天困了没",1746450868,"不要… 不要… 我要待在这里…"
"","","","","鱼糕今天困了没",1746450855,"逆天鱼糕 叉出去[生气]"
"","","","","鱼糕今天困了没",1746450652,"别管细节 你就说是不是正确用法吧"
"","","","","鱼糕今天困了没",1746368136,"明天赶飞机 眯了 晚安喵"
"","","","","鱼糕今天困了没",1746367169,"鸡没鸡味 失败（）"
"","","","","鱼糕今天困了没",1746367130,"还干"
"","","","","鱼糕今天困了没",1746367122,"挺 没味"
"","","","","鱼糕今天困了没",1746367100,"加拿大的鸡肉我不好说"
"","","","","鱼糕今天困了没",1746366972,"炸鸡师傅是印度老哥吗 那很不健康了"
"","","","","鱼糕今天困了没",1746366944,"捕捉一只c"
"","","","","鱼糕今天困了没",1746366893,"有的 清水猪脑有猪味"
"","","","","鱼糕今天困了没",1746366826,"要不然味道重"
"","","","","鱼糕今天困了没",1746366816,"但是麻辣脑花 香香"
"","","","","鱼糕今天困了没",1746366763,"你好 那个补猪脑喔"
"","","","","鱼糕今天困了没",1746366582,"确实不是雨诺"
"","","","","鱼糕今天困了没",1746366577,"其实是鱼糕代播"
"","","","","鱼糕今天困了没",1746366492,"怪怪的"
"","","","","鱼糕今天困了没",1746366488,"root beer真的接受不了"
"","","","","鱼糕今天困了没",1746366478,"猫猫那么可爱"
"","","","","鱼糕今天困了没",1746366474,"谁会吃猫肉啊喂"
"","","","","鱼糕今天困了没",1746366341,"炸鸡好啊 我框框炫"
"","","","","鱼糕今天困了没",1746366194,"笑（"
"","","","","鱼糕今天困了没",1746366173,"结城理看完我的饭可能会饿"
"","","","","鱼糕今天困了没",1746366083,"而且用不着啊（"
"","","","","鱼糕今天困了没",1746366061,"并非会"
"","","","","鱼糕今天困了没",1746365941,"我勒个十全大补羹"
"","","","","鱼糕今天困了没",1746365930,"这能喝吗"
"","","","","鱼糕今天困了没",1746365764,"可爱捏"
"","","","","鱼糕今天困了没",1746365494,"诺ssr皮肤之帅t"
"","","","","鱼糕今天困了没",1746365182,"诺小王"
"","","","","鱼糕今天困了没",1746365159,"哇 好小一只"
"","","","","鱼糕今天困了没",1746365001,"草 好大的衣服"
"","","","","鱼糕今天困了没",1746364931,"偷穿大人衣服"
"","","","","鱼糕今天困了没",1746364832,"四舍五入我戴眼镜可以变身诺"
"","","","","鱼糕今天困了没",1746364807,"为什么戴上眼镜 更像诺了"
"","","","","鱼糕今天困了没",1746364785,"诺要是有线下活动 我也可以秒飞广东的[doge2]"
"","","","","鱼糕今天困了没",1746364416,"yeah～"
"","","","","鱼糕今天困了没",1746364340,"传下去 诺喜欢小男孩"
"","","","","鱼糕今天困了没",1746281128,"跑咯 眯[dog]"
"","","","","鱼糕今天困了没",1746281062,"草"
"","","","","鱼糕今天困了没",1746280981,"好名喔"
"","","","","鱼糕今天困了没",1746280931,"求歌名"
"","","","","鱼糕今天困了没",1746279487,"想念连续直播12小时了"
"","","","","鱼糕今天困了没",1746278941,"prprprprprprprpr"
"","","","","鱼糕今天困了没",1746278932,"诺哥哥 prprprprprprpr"
"","","","","鱼糕今天困了没",1746278864,"哇 还有大隐藏款"
"","","","","鱼糕今天困了没",1746278836,"诺是男孩子的话 那更喜欢了[傲娇]"
"","","","","鱼糕今天困了没",1746278705,"[手机]"
"","","","","鱼糕今天困了没",1746278620,"（动物交谈）"
"","","","","鱼糕今天困了没",1746278613,"汪汪汪 汪 汪汪汪汪汪"
"","","","","鱼糕今天困了没",1746278488,"我不抢地盘的"
"","","","","鱼糕今天困了没",1746278474,"没事 我允许你再养一只猫"
"","","","","鱼糕今天困了没",1746278420,"我宣布我是雨诺akari的狗"
"","","","","鱼糕今天困了没",1746278414,"你看 她答应了"
"","","","","鱼糕今天困了没",1746278246,"哇 摘眼镜好帅"
"","","","","鱼糕今天困了没",1746278026,"金粉"
"","","","","鱼糕今天困了没",1746277981,"有十几贯 不记得了（"
"","","","","鱼糕今天困了没",1746277969,"这可能是鲷鱼"
"","","","","鱼糕今天困了没",1746277957,"醋冻+蜂蜜"
"","","","","鱼糕今天困了没",1746277939,"5天 两场ztmy（"
"","","","","鱼糕今天困了没",1746277881,"是现做的喔 板前喔"
"","","","","鱼糕今天困了没",1746277838,"腌三文鱼籽 金枪鱼 芽葱 和 蛋黄"
"","","","","鱼糕今天困了没",1746277721,"没卡"
"","","","","鱼糕今天困了没",1746277553,"是的喵 日本合集喔"
"","","","","鱼糕今天困了没",1746277407,"9月头[dog]"
"","","","","鱼糕今天困了没",1746277272,"肉有点少 香是很香[dog]"
"","","","","鱼糕今天困了没",1746277215,"好 有得食！"
"","","","","鱼糕今天困了没",1746277169,"图太多了"
"","","","","鱼糕今天困了没",1746277163,"虾饺猪杂粥啥的没发"
"","","","","鱼糕今天困了没",1746276950,"111 发了请看 q"
"","","","","鱼糕今天困了没",1746237355,"你猜（yes（"
"","","","","鱼糕今天困了没",1746237327,"网挺卡的这会儿"
"","","","","鱼糕今天困了没",1746237315,"没 我过会儿又出去 就来看一眼"
"","","","","鱼糕今天困了没",1746237291,"早[花]"
"","","","","鱼糕今天困了没",1746199258,"其实是把主包变成他们play的一环"
"","","","","鱼糕今天困了没",1746199079,"还有横扫之刃"
"","","","","鱼糕今天困了没",1746198241,"点歌 花に亡霊"
"","","","","鱼糕今天困了没",1746197178,"可能入驻神作转投也才30w"
"","","","","鱼糕今天困了没",1746197134,"多久没见过百万作了"
"","","","","鱼糕今天困了没",1746197002,"那包来的[dog]"
"","","","","鱼糕今天困了没",1746196838,"[喝彩][喝彩][喝彩][喝彩][喝彩][喝彩][喝彩][喝彩]"
"","","","","鱼糕今天困了没",1746196575,"ruarua"
"","","","","鱼糕今天困了没",1746196571,"团总好乖哦"
"","","","","鱼糕今天困了没",1746195171,"不到 我没卡"
"","","","","鱼糕今天困了没",1746194935,"咳 to签（"
"","","","","鱼糕今天困了没",1746194902,"这套好好看"
"","","","","鱼糕今天困了没",1746194808,"晚上好[花]"
"","","","","鱼糕今天困了没",1746190896,"骗吃骗喝"
"","","","","鱼糕今天困了没",1746108348,"对的对的[委屈]"
"","","","","鱼糕今天困了没",1746108316,"（"
"","","","","鱼糕今天困了没",1746108314,"我的网 它卡卡的"
"","","","","鱼糕今天困了没",1745945285,"[委屈]"
"","","","","鱼糕今天困了没",1745945282,"她 不让 我 刷"
"","","","","鱼糕今天困了没",1745945254,"[doge2]"
"","","","","鱼糕今天困了没",1745945244,"不理智可以欺负鱼糕 鱼糕不会伤心难过的"
"","","","","鱼糕今天困了没",1745945194,"不刷怎么引流"
"","","","","鱼糕今天困了没",1745945102,"兔子玩球（1/1）"
"","","","","鱼糕今天困了没",1745945082,"？"
"","","","","鱼糕今天困了没",1745945065,"才多久 就忘记那个环节了吗（"
"","","","","鱼糕今天困了没",1745945023,"有点想念那个环节了"
"","","","","鱼糕今天困了没",1745944975,"单抽一个660"
"","","","","鱼糕今天困了没",1745944960,"哦哟 挺白"
"","","","","鱼糕今天困了没",1745944852,"气鼓鼓的 想戳"
"","","","","鱼糕今天困了没",1745944833,"怎么了[委屈]"
"","","","","鱼糕今天困了没",1745944829,"我升个26级"
"","","","","鱼糕今天困了没",1745944820,"[委屈]"
"","","","","鱼糕今天困了没",1745944719,"你要听实话 还是要听好听的（"
"","","","","鱼糕今天困了没",1745944680,"我不打瓦（"
"","","","","鱼糕今天困了没",1745944639,"美女你谁"
"","","","","鱼糕今天困了没",1745944608,"群众当中出了个坏蛋[dog]"
"","","","","鱼糕今天困了没",1745944590,"旅游 花销 签证 等"
"","","","","鱼糕今天困了没",1745944544,"0个人监控直播间弹幕"
"","","","","鱼糕今天困了没",1745944491,"倒是没去过 可以去玩一下"
"","","","","鱼糕今天困了没",1745944478,"hhhhhhh"
"","","","","鱼糕今天困了没",1745944431,"那很有判头了"
"","","","","鱼糕今天困了没",1745944379,"那得有预约医院和缴费证明呢"
"","","","","鱼糕今天困了没",1745944358,"好像没开"
"","","","","鱼糕今天困了没",1745944328,"除非办商务"
"","","","","鱼糕今天困了没",1745944319,"台湾现在没开个人旅游签注"
"","","","","鱼糕今天困了没",1745944273,"别的周边买的我就不算了"
"","","","","鱼糕今天困了没",1745944260,"我这次机票酒店加在一起7000"
"","","","","鱼糕今天困了没",1745944212,"几万块不至于"
"","","","","鱼糕今天困了没",1745944208,"应该不至于 但是得有"
"","","","","鱼糕今天困了没",1745944196,"吃饭你按一顿2000日元算"
"","","","","鱼糕今天困了没",1745944178,"这就是基本花销了"
"","","","","鱼糕今天困了没",1745944173,"再加上往返机票"
"","","","","鱼糕今天困了没",1745944164,"城市里面酒店一晚上1k+吧"
"","","","","鱼糕今天困了没",1745944132,"100日元一瓶饮料都不够"
"","","","","鱼糕今天困了没",1745944124,"其实是资产签"
"","","","","鱼糕今天困了没",1745944020,"我穷学生都下签了"
"","","","","鱼糕今天困了没",1745943996,"五年多次550"
"","","","","鱼糕今天困了没",1745943992,"三年多次450"
"","","","","鱼糕今天困了没",1745943984,"单次个人才250"
"","","","","鱼糕今天困了没",1745943947,"不跟团也不要500块"
"","","","","鱼糕今天困了没",1745943903,"ps 要签证"
"","","","","鱼糕今天困了没",1745943888,"起码提前两周票价才正常"
"","","","","鱼糕今天困了没",1745943877,"没有查第二天票价的 这种时候都不是常规票"
"","","","","鱼糕今天困了没",1745943862,"厦门航空750"
"","","","","鱼糕今天困了没",1745943782,"我这一趟往返2k5"
"","","","","鱼糕今天困了没",1745943775,"南京航线不行"
"","","","","鱼糕今天困了没",1745943769,"上海是便宜一点"
"","","","","鱼糕今天困了没",1745943723,"多说话就亮了"
"","","","","鱼糕今天困了没",1745943690,"小猫咪乖 请小猫咪吃罐罐"
"","","","","鱼糕今天困了没",1745943635,"他们就是知道你要去 然后涨价"
"","","","","鱼糕今天困了没",1745943610,"小猫咪"
"","","","","鱼糕今天困了没",1745943587,"就是不降价"
"","","","","鱼糕今天困了没",1745943581,"我们也觉得机票贵 奈何竞争不行"
"","","","","鱼糕今天困了没",1745943532,"飞北美起码12"
"","","","","鱼糕今天困了没",1745943528,"飞日本俩小时"
"","","","","鱼糕今天困了没",1745943522,"远啊"
"","","","","鱼糕今天困了没",1745943501,"人流少的时候1w 8k"
"","","","","鱼糕今天困了没",1745943486,"要去北美的话往返2w了"
"","","","","鱼糕今天困了没",1745943470,"我意思也有欧美人"
"","","","","鱼糕今天困了没",1745943423,"欧美也有"
"","","","","鱼糕今天困了没",1745943420,"可能往返4k吧"
"","","","","鱼糕今天困了没",1745943408,"全是人"
"","","","","鱼糕今天困了没",1745943347,"很热闹"
"","","","","鱼糕今天困了没",1745943342,"嗯 都是东京知名地方"
"","","","","鱼糕今天困了没",1745943032,"所以 咳咳（"
"","","","","鱼糕今天困了没",1745943026,"之前就有莫名其妙精神失常开始捅刀子的（"
"","","","","鱼糕今天困了没",1745943002,"你要是碰到地雷 炸了 就不好笑了"
"","","","","鱼糕今天困了没",1745942993,"好看归好看"
"","","","","鱼糕今天困了没",1745942987,"叫地雷肯定是有原因的"
"","","","","鱼糕今天困了没",1745942976,"有"
"","","","","鱼糕今天困了没",1745942906,"答应我别碰地雷好吗"
"","","","","鱼糕今天困了没",1745942898,"全是人啊 8千多人"
"","","","","鱼糕今天困了没",1745942839,"我听完了都"
"","","","","鱼糕今天困了没",1745942831,"昨天晚上 今天下午"
"","","","","鱼糕今天困了没",1745942793,"就你刚刚听的那个"
"","","","","鱼糕今天困了没",1745942788,"我来听演唱会的"
"","","","","鱼糕今天困了没",1745942738,"确实没兴趣"
"","","","","鱼糕今天困了没",1745942694,"我是正经人嗷[dog]"
"","","","","鱼糕今天困了没",1745942626,"还有别的更那啥的也多"
"","","","","鱼糕今天困了没",1745942619,"确实很多"
"","","","","鱼糕今天困了没",1745942539,"太好听了吧 简直是天籁"
"","","","","鱼糕今天困了没",1745942483,"ok"
"","","","","鱼糕今天困了没",1745942295,"会的 我有一门课教授日本人"
"","","","","鱼糕今天困了没",1745942271,"秒針を噛む"
"","","","","鱼糕今天困了没",1745942265,"嗯嗯 挺有名的这首"
"","","","","鱼糕今天困了没",1745942245,"你搜一下 嗯嗯 歌手名"
"","","","","鱼糕今天困了没",1745942226,"zutomayo会吗（"
"","","","","鱼糕今天困了没",1745942222,"我听的挺杂的"
"","","","","鱼糕今天困了没",1745942139,"回了 又出去玩了 现在在日本"
"","","","","鱼糕今天困了没",1745942110,"4.16开始的"
"","","","","鱼糕今天困了没",1745942103,"四个 半 月[dog]"
"","","","","鱼糕今天困了没",1745942067,"放到8月底[花]"
"","","","","鱼糕今天困了没",1745942050,"因为我放假了呀"
"","","","","鱼糕今天困了没",1745942041,"晚上好[花]"
"","","","","鱼糕今天困了没",1745941648,"[喝彩][喝彩][喝彩][喝彩][喝彩][喝彩][喝彩][喝彩][喝彩][喝彩][喝彩]"
"","","","","鱼糕今天困了没",1745941555,"好[花]"
"","","","","鱼糕今天困了没",1745941534,"歌手"
"","","","","鱼糕今天困了没",1745941532,"对"
"","","","","鱼糕今天困了没",1745941530,"你随便 找一首"
"","","","","鱼糕今天困了没",1745941521,"660"
"","","","","鱼糕今天困了没",1745940795,"[dog]"
"","","","","鱼糕今天困了没",1745940789,"点歌 zutomayo"
"","","","","鱼糕今天困了没",1745940719,"wwwwwww"
"","","","","鱼糕今天困了没",1745940698,"今天点歌怎么/99了"
"","","","","鱼糕今天困了没",1745940366,"我今天才听完的ztmy演唱会[dog]"
"","","","","鱼糕今天困了没",1745940356,"放假了"
"","","","","鱼糕今天困了没",1745940335,"晚上好[比心]"
"","","","","鱼糕今天困了没",1745889632,"拍照"
"","","","","鱼糕今天困了没",1745889630,"拍卖有点bt了"
"","","","","鱼糕今天困了没",1745889621,"没活了 来这么多次基本上都去过了"
"","","","","鱼糕今天困了没",1745889601,"今天晚上再去拍点东西"
"","","","","鱼糕今天困了没",1745889587,"前几天动过了"
"","","","","鱼糕今天困了没",1745889569,"除了演唱会以外"
"","","","","鱼糕今天困了没",1745889562,"我没活动"
"","","","","鱼糕今天困了没",1745889485,"约等于没有"
"","","","","鱼糕今天困了没",1745889481,"我10:17"
"","","","","鱼糕今天困了没",1745889474,"1h"
"","","","","鱼糕今天困了没",1745889459,"床倒还好 酒店没少住"
"","","","","鱼糕今天困了没",1745889444,"生物钟吧 得调段时间了"
"","","","","鱼糕今天困了没",1745889425,"8.30醒的"
"","","","","鱼糕今天困了没",1745889419,"睡不着了（"
"","","","","鱼糕今天困了没",1745889370,"早[比心]"
"","","","","鱼糕今天困了没",1745802609,"？我进了什么什么房间了吗"
"","","","","鱼糕今天困了没",1745765317,"这样 你让他上麦替代你上班"
"","","","","鱼糕今天困了没",1745765255,"有人id没了"
"","","","","鱼糕今天困了没",1745716010,"但是在胶片机上[dog]"
"","","","","鱼糕今天困了没",1745716000,"拍了其实"
"","","","","鱼糕今天困了没",1745679002,"跨洋的就是说"
"","","","","鱼糕今天困了没",1745678994,"我不在国内没办法一起联机"
"","","","","鱼糕今天困了没",1745678918,"我不在国内啊（"
"","","","","鱼糕今天困了没",1745678868,"晕不晕没办法"
"","","","","鱼糕今天困了没",1745678832,"嗯？"
"","","","","鱼糕今天困了没",1745678780,"我是steam大玩家"
"","","","","鱼糕今天困了没",1745678751,"不玩（"
"","","","","鱼糕今天困了没",1745678738,"我vr也不晕"
"","","","","鱼糕今天困了没",1745678732,"不晕"
"","","","","鱼糕今天困了没",1745678642,"不是（"
"","","","","鱼糕今天困了没",1745678602,"唉 男人[dog]"
"","","","","鱼糕今天困了没",1745678482,"晚安电台（"
"","","","","鱼糕今天困了没",1745678470,"对的（"
"","","","","鱼糕今天困了没",1745678445,"困了（"
"","","","","鱼糕今天困了没",1745677970,"不用谢我[dog]"
"","","","","鱼糕今天困了没",1745677966,"诺！我会明天再吃别的部分的[可怜]"
"","","","","鱼糕今天困了没",1745677699,"那很美味了"
"","","","","鱼糕今天困了没",1745677659,"我要腿那部分"
"","","","","鱼糕今天困了没",1745675620,"诺有没有看过那个奇怪口味肠粉系列视频"
"","","","","鱼糕今天困了没",1745675586,"雨诺怎么这么坏啊"
"","","","","鱼糕今天困了没",1745675532,"诺不能变成很坏很坏的人"
"","","","","鱼糕今天困了没",1745675317,"捏捏小🦵"
"","","","","鱼糕今天困了没",1745675265,"灯赚的 赚70"
"","","","","鱼糕今天困了没",1745675181,"7.3"
"","","","","鱼糕今天困了没",1745675174,"我经常去那个gyubee"
"","","","","鱼糕今天困了没",1745675164,"多伦多烤肉自助可能40cad吧"
"","","","","鱼糕今天困了没",1745675135,"60usd有点bt了"
"","","","","鱼糕今天困了没",1745675108,"烤诺！劲呐"
"","","","","鱼糕今天困了没",1745674906,"虽然质量不行 全靠同行衬托"
"","","","","鱼糕今天困了没",1745674809,"诺！"
"","","","","鱼糕今天困了没",1745674701,"哦还有电话环节"
"","","","","鱼糕今天困了没",1745674679,"离蒙村近 ny？ma？"
"","","","","鱼糕今天困了没",1745674091,"阿尔兹海诺吗 我可以得一下吗[可怜]"
"","","","","鱼糕今天困了没",1745674013,"感觉丢了replace就很麻烦"
"","","","","鱼糕今天困了没",1745674003,"最近变成一直检查信用卡刷完有没有放好了"
"","","","","鱼糕今天困了没",1745673893,"我是一直检查驾照护照"
"","","","","鱼糕今天困了没",1745673877,"+10086"
"","","","","鱼糕今天困了没",1745673822,"十分钟"
"","","","","鱼糕今天困了没",1745673819,"yyz人流不多的情况下值机到走到登机口"
"","","","","鱼糕今天困了没",1745673796,"坐多了就学会卡点了"
"","","","","鱼糕今天困了没",1745673658,"毕竟累计航段不需要铁屁股[dog]"
"","","","","鱼糕今天困了没",1745673645,"攒里程可以考虑短途飞机"
"","","","","鱼糕今天困了没",1745673540,"yyz-yul倒还行"
"","","","","鱼糕今天困了没",1745673529,"yul还不能5分钟fast track"
"","","","","鱼糕今天困了没",1745673479,"诺你怎么变成炸鸡了呜呜呜好可口斯哈斯哈"
"","","","","鱼糕今天困了没",1745673213,"if线：屁股坐的裂成四块"
"","","","","鱼糕今天困了没",1745673168,"好的狱长大人"
"","","","","鱼糕今天困了没",1745673121,"回的 接着在国内吃吃吃"
"","","","","鱼糕今天困了没",1745673092,"我是传奇铁屁股飞人鱼糕"
"","","","","鱼糕今天困了没",1745673076,"五一接着跑hk[dog]"
"","","","","鱼糕今天困了没",1745673061,"你怎么知道我从4.16放到8.31"
"","","","","鱼糕今天困了没",1745672940,"四舍五入吃辣吃苦是良性m啊[dog]"
"","","","","鱼糕今天困了没",1745672826,"我呜呜呜呜呜呜呜呜呜"
"","","","","鱼糕今天困了没",1745672823,"雨诺不喜欢鱼 那是不是 也不喜欢鱼糕了"
"","","","","鱼糕今天困了没",1745672784,"人生3w多天进入直播间，快去打个招呼吧！"
"","","","","鱼糕今天困了没",1745672717,"或者去cdkey shop找后缀（us）"
"","","","","鱼糕今天困了没",1745672698,"你得开美区号用美卡送"
"","","","","鱼糕今天困了没",1745672684,"因为低价区不能送高价"
"","","","","鱼糕今天困了没",1745672677,"不能跨区送礼"
"","","","","鱼糕今天困了没",1745672666,"可以的 这样我变身半个诺大家没意见吧"
"","","","","鱼糕今天困了没",1745672608,"对对 我看ztmy演唱会去了[dog]"
"","","","","鱼糕今天困了没",1745672580,"与此同时鱼糕闪现到了大阪吃吃吃（"
"","","","","鱼糕今天困了没",1745672495,"辻利茶舗 叫这个名字"
"","","","","鱼糕今天困了没",1745672468,"我去找一下 copy paste一下"
"","","","","鱼糕今天困了没",1745672417,"那个牌子你应该见过 但我不会打那个字（"
"","","","","鱼糕今天困了没",1745672385,"好喝！"
"","","","","鱼糕今天困了没",1745672371,"我们学校旁边有一家tsujiri茶铺"
"","","","","鱼糕今天困了没",1745672303,"诺！诺诺诺诺诺诺诺！[比心]"
"","","","","鱼糕今天困了没",1745649692,"封号版是什么版"
"","","","","鱼糕今天困了没",1745649544,"hhhh"
"","","","","鱼糕今天困了没",1745649266,"可能有一部分图得很晚才出了"
"","","","","鱼糕今天困了没",1745649255,"可以 我拍拍"
"","","","","鱼糕今天困了没",1745649221,"我不知道能拍到啥 晚上出去逛去"
"","","","","鱼糕今天困了没",1745649207,"[dog]"
"","","","","鱼糕今天困了没",1745649181,"前面单次签还有3回"
"","","","","鱼糕今天困了没",1745649168,"我光多次签去了5回了（"
"","","","","鱼糕今天困了没",1745649148,"但是我懒狗 到现在照片还没搞出来"
"","","","","鱼糕今天困了没",1745649138,"诶其实我去年去看樱花了"
"","","","","鱼糕今天困了没",1745649089,"不能接受半生不熟的"
"","","","","鱼糕今天困了没",1745649084,"我能接受熟的 能接受生的"
"","","","","鱼糕今天困了没",1745649042,"对对对"
"","","","","鱼糕今天困了没",1745649015,"可能再找个烧鸟"
"","","","","鱼糕今天困了没",1745649009,"吃蘸面 明天晚上海鲜[dog]"
"","","","","鱼糕今天困了没",1745648989,"喵"
"","","","","鱼糕今天困了没",1745648577,"我拍个照片给你看看（"
"","","","","鱼糕今天困了没",1745648571,"就 长酒店样（"
"","","","","鱼糕今天困了没",1745648549,"在床上躺着呢"
"","","","","鱼糕今天困了没",1745648543,"到了喵"
"","","","","鱼糕今天困了没",1745549487,"跑了 出门饭饭了"
"","","","","鱼糕今天困了没",1745548765,"笑死了"
"","","","","鱼糕今天困了没",1745548442,"我向来都是 交给你选歌"
"","","","","鱼糕今天困了没",1745547892,"那想必 是不行的"
"","","","","鱼糕今天困了没",1745547867,"那不得不看了"
"","","","","鱼糕今天困了没",1745547861,"还有这种要求"
"","","","","鱼糕今天困了没",1745547751,"真能忍吧 就没人说话"
"","","","","鱼糕今天困了没",1745547311,"你看 准不准"
"","","","","鱼糕今天困了没",1745546965,"老粉已经坐下等惩罚了"
"","","","","鱼糕今天困了没",1745546310,"掉小珍珠了"
"","","","","鱼糕今天困了没",1745546298,"天蝎怎么了"
"","","","","鱼糕今天困了没",1745546206,"相信不了一点倍率"
"","","","","鱼糕今天困了没",1745545748,"准备玩游戏（"
"","","","","鱼糕今天困了没",1745545685,"好爽的键盘声"
"","","","","鱼糕今天困了没",1745544583,"对的喵"
"","","","","鱼糕今天困了没",1745544551,"吃了 我6点多醒了一次"
"","","","","鱼糕今天困了没",1745417810,"牛"
"","","","","鱼糕今天困了没",1745417251,"vv今天也好可爱[花]"
"","","","","鱼糕今天困了没",1745417091,"[比心][比心][比心]"
"","","","","鱼糕今天困了没",1745416849,"vv晚上好[花]"
"","","","","鱼糕今天困了没",1745410307,"0"
"","","","","鱼糕今天困了没",1745406678,"顶多6小时"
"","","","","鱼糕今天困了没",1745406667,"这个红又无所谓"
"","","","","鱼糕今天困了没",1745406597,"被对面举报扣烂了"
"","","","","鱼糕今天困了没",1745406587,"21-3"
"","","","","鱼糕今天困了没",1745406582,"新号 20级 竞技 白银"
"","","","","鱼糕今天困了没",1745406535,"要我拍身份证"
"","","","","鱼糕今天困了没",1745406531,"直到我被连着举报了"
"","","","","鱼糕今天困了没",1745406520,"我上一个号就是买的"
"","","","","鱼糕今天困了没",1745406496,"对咯"
"","","","","鱼糕今天困了没",1745406473,"没弄"
"","","","","鱼糕今天困了没",1745406469,"我长时间在外面"
"","","","","鱼糕今天困了没",1745406445,"没有"
"","","","","鱼糕今天困了没",1745406254,"[可怜]"
"","","","","鱼糕今天困了没",1745405878,"我北美"
"","","","","鱼糕今天困了没",1745405865,"跨不了"
"","","","","鱼糕今天困了没",1745405858,"你们外服应该是亚太大区"
"","","","","鱼糕今天困了没",1745405820,"但我北美大区"
"","","","","鱼糕今天困了没",1745405811,"虽然我很想"
"","","","","鱼糕今天困了没",1745405736,"在呢"
"","","","","鱼糕今天困了没",1745405671,"打不动咯"
"","","","","鱼糕今天困了没",1745405652,"之前水钻"
"","","","","鱼糕今天困了没",1745405647,"之前打"
"","","","","鱼糕今天困了没",1745405633,"咳咳"
"","","","","鱼糕今天困了没",1745405600,"嗯？"
"","","","","鱼糕今天困了没",1745386100,"喵呜"
"","","","","鱼糕今天困了没",1745381171,"我在思考午饭吃什么"
"","","","","鱼糕今天困了没",1745380731,"这个qap也是你们的？"
"","","","","鱼糕今天困了没",1745380644,"18米"
"","","","","鱼糕今天困了没",1745380562,"这个程度没什么杀伤力"
"","","","","鱼糕今天困了没",1745380531,"没事 家里没人"
"","","","","鱼糕今天困了没",1745379979,"那确实 很厉害了"
"","","","","鱼糕今天困了没",1745379910,"那很好了"
"","","","","鱼糕今天困了没",1745379887,"我好像 进来的 挺是时候"
"","","","","鱼糕今天困了没",1745379849,"咳 没睡醒（"
"","","","","鱼糕今天困了没",1745286756,"[dog]"
"","","","","鱼糕今天困了没",1745286750,"因为一直在外面"
"","","","","鱼糕今天困了没",1745286727,"对对 消失个半个月"
"","","","","鱼糕今天困了没",1745286708,"四五天吧"
"","","","","鱼糕今天困了没",1745286490,"对对"
"","","","","鱼糕今天困了没",1745286485,"算调过来了"
"","","","","鱼糕今天困了没",1745286476,"1点多吧 玩游戏玩的（"
"","","","","鱼糕今天困了没",1745286443,"我还赖在床上（"
"","","","","鱼糕今天困了没",1745286425,"早！"
"","","","","鱼糕今天困了没",1745199203,"玩不懂（"
"","","","","鱼糕今天困了没",1745199147,"早[花]"
"","","","","鱼糕今天困了没",1745068047,"我会好好照顾乳酪的[委屈]"
"","","","","鱼糕今天困了没",1745068029,"给我吗[委屈]"
"","","","","鱼糕今天困了没",1745068023,"诺[委屈] 你走了[委屈] 可以把乳酪"
"","","","","鱼糕今天困了没",1745067902,"诺！"
"","","","","鱼糕今天困了没",1744722532,"诺！早！"
"","","","","鱼糕今天困了没",1744462387,"小诺 你可以吃小奶牛猫"
"","","","","鱼糕今天困了没",1744462337,"？四个奶牛吗"
"","","","","鱼糕今天困了没",1744462238,"这样 你 一天 一只 小马[dog]"
"","","","","鱼糕今天困了没",1744115977,"还能分裂成小雨诺吗 异世界魔物 抓起来！"
"","","","","鱼糕今天困了没",1744115823,"哇是美味的食材"
"","","","","鱼糕今天困了没",1744115721,"乳酪姐姐我雨诺呢"
"","","","","鱼糕今天困了没",1743862634,"问题不大"
"","","","","鱼糕今天困了没",1743862632,"大游戏本没那么集成的可以自己修"
"","","","","鱼糕今天困了没",1743862602,"对对"
"","","","","鱼糕今天困了没",1743862596,"技嘉宣传出了个事 也叫技术不行 勇气可嘉"
"","","","","鱼糕今天困了没",1743862530,"我觉得还是技嘉最幽默"
"","","","","鱼糕今天困了没",1743862463,"主板和卡"
"","","","","鱼糕今天困了没",1743862320,"自己折腾几个小时就会了"
"","","","","鱼糕今天困了没",1743862307,"别人装要加钱"
"","","","","鱼糕今天困了没",1743862254,"现在跑点小ai没问题"
"","","","","鱼糕今天困了没",1743862242,"对啊 我当时装了个游戏卡+计算卡的"
"","","","","鱼糕今天困了没",1743862173,"会的喵 算同学的 装的改的有三四台了"
"","","","","鱼糕今天困了没",1743861802,"flex票可两小时退改 升舱优先级也高[dog]"
"","","","","鱼糕今天困了没",1743861780,"加航学生票4次$3996[dog]"
"","","","","鱼糕今天困了没",1743861664,"今年境内就普及免费wifi了"
"","","","","鱼糕今天困了没",1743861656,"加航明年洲际也要免费高速wifi了"
"","","","","鱼糕今天困了没",1743861638,"立省$30"
"","","","","鱼糕今天困了没",1743861390,"看b站只能看语音直播"
"","","","","鱼糕今天困了没",1743861382,"飞机wifi看netflix没啥问题"
"","","","","鱼糕今天困了没",1743861316,"tactical 支线故事下棋那个"
"","","","","鱼糕今天困了没",1743861207,"之前我插着玩p5t来着"
"","","","","鱼糕今天困了没",1743861197,"插电玩十几个小时就落地了"
"","","","","鱼糕今天困了没",1743861186,"小游戏直接在飞机上通掉[dog]"
"","","","","鱼糕今天困了没",1743859687,"一拳把你打跑[可怜]"
"","","","","鱼糕今天困了没",1743859679,"雨诺是谁 为什么占据波奇的身体[可怜]"
"","","","","鱼糕今天困了没",1743859655,"*一拳"
"","","","","鱼糕今天困了没",1743857782,"四舍五入我也是雨诺的狗"
"","","","","鱼糕今天困了没",1743857767,"权限狗是好的 我喜欢权限狗"
"","","","","鱼糕今天困了没",1743856934,"我要当诺的替身"
"","","","","鱼糕今天困了没",1743856847,"诺 我喜欢你 跟我组乐队[比心]"
"","","","","鱼糕今天困了没",1743775548,"诺！早！（"
"","","","","鱼糕今天困了没",1743512444,"诺 早[花]"
"","","","","鱼糕今天困了没",1743345855,"给鱼糕上个舰也行 可以喜提糯鱼糕21[dog]"
"","","","","鱼糕今天困了没",1743345797,"死盖过生日能不能发个上舰红包同乐一下"
"","","","","鱼糕今天困了没",1743345733,"应该是叫这个"
"","","","","鱼糕今天困了没",1743345729,"世界は恋に落ちている"
"","","","","鱼糕今天困了没",1743345677,"（刚醒）"
"","","","","鱼糕今天困了没",1743345667,"诺 早！"
"","","","","鱼糕今天困了没",1743204442,"哦？那很好了"
"","","","","鱼糕今天困了没",1743204415,"诺现在还有多少时长"
"","","","","鱼糕今天困了没",1743204366,"草"
"","","","","鱼糕今天困了没",1743204352,"她白天"
"","","","","鱼糕今天困了没",1743204321,"哦哟诺 怎么还在播"
"","","","","鱼糕今天困了没",1743193824,"我以为是龟苓膏"
"","","","","鱼糕今天困了没",1743192770,"猫娘咖啡馆[花]"
"","","","","鱼糕今天困了没",1743191954,"21小时 今天疑似有人陪我吃晚饭了"
"","","","","鱼糕今天困了没",1743191845,"主号上反而是小号"
"","","","","鱼糕今天困了没",1743191838,"[可怜]"
"","","","","鱼糕今天困了没",1743191835,"说起舟啊 我的大号在手机副号上找不回来了"
"","","","","鱼糕今天困了没",1743191730,"pu保底200抽"
"","","","","鱼糕今天困了没",1743191724,"一看4星保底要100抽"
"","","","","鱼糕今天困了没",1743191708,"一共攒出40抽 就出四个保底"
"","","","","鱼糕今天困了没",1743191694,"来看看pjsk吧家人们 打个活动连打8h"
"","","","","鱼糕今天困了没",1743191617,"三国杀更是满门抄斩级别的[捂脸]"
"","","","","鱼糕今天困了没",1743191488,"对的喵"
"","","","","鱼糕今天困了没",1743191446,"诺！下午好！"
"","","","","鱼糕今天困了没",1743184324,"诺饭饭了没"
"","","","","鱼糕今天困了没",1743184288,"24小时"
"","","","","鱼糕今天困了没",1743184283,"哦哟怎么还在播"
"","","","","鱼糕今天困了没",1742995872,"所以记事本回播了什么"
"","","","","鱼糕今天困了没",1742995835,"那我要去找别人了[花]"
"","","","","鱼糕今天困了没",1742995751,"诺被欺负委委屈屈也好可爱 想欺负[doge2]"
"","","","","鱼糕今天困了没",1742995705,"5分钟路到教室"
"","","","","鱼糕今天困了没",1742995695,"很近啊 我on campus"
"","","","","鱼糕今天困了没",1742995677,"太舒服了 不想起[委屈]"
"","","","","鱼糕今天困了没",1742995669,"然而我还在床上"
"","","","","鱼糕今天困了没",1742995619,"对 我10点的课"
"","","","","鱼糕今天困了没",1742995613,"想要诺香柠檬茶"
"","","","","鱼糕今天困了没",1742995596,"想必不是去找别人 去找我会直接说出来[dog]"
"","","","","鱼糕今天困了没",1742995540,"被发现了 没脸待着了 离开了 不要想我"
"","","","","鱼糕今天困了没",1742995494,"这个啊 该省省该花花 该伸手要就要[dog]"
"","","","","鱼糕今天困了没",1742995316,"死盖v我1998我给诺上个提"
"","","","","鱼糕今天困了没",1742995256,"真快吧yyfj"
"","","","","鱼糕今天困了没",1742995242,"我救你出来"
"","","","","鱼糕今天困了没",1742995232,"死盖—————"
"","","","","鱼糕今天困了没",1742995184,"拿 拿 都可以拿"
"","","","","鱼糕今天困了没",1742994905,"主播是不是不能佩戴自己的牌子"
"","","","","鱼糕今天困了没",1742994863,"（"
"","","","","鱼糕今天困了没",1742994861,"诺也要变成球球吗[可怜]"
"","","","","鱼糕今天困了没",1742994680,"因为我是毛茸茸诺球球"
"","","","","鱼糕今天困了没",1742994648,"对的喵"
"","","","","鱼糕今天困了没",1742994602,"诺 早！"
"","","","","鱼糕今天困了没",1742914387,"冰镇可乐更好喝"
"","","","","鱼糕今天困了没",1742911139,"我就说吧 带多了别的牌子她就习惯了（[dog]"
"","","","","鱼糕今天困了没",1742910952,"肯定是这样的"
"","","","","鱼糕今天困了没",1742910938,"艺术史"
"","","","","鱼糕今天困了没",1742910921,"我在教室 表演不了喵"
"","","","","鱼糕今天困了没",1742910912,"天赋和刻意是有区别的"
"","","","","鱼糕今天困了没",1742910872,"不认可"
"","","","","鱼糕今天困了没",1742910864,"不行"
"","","","","鱼糕今天困了没",1742910793,"不够糖"
"","","","","鱼糕今天困了没",1742910613,"[委屈]"
"","","","","鱼糕今天困了没",1742910606,"被退了"
"","","","","鱼糕今天困了没",1742910602,"我跟死盖发的sc连字都是一样的"
"","","","","鱼糕今天困了没",1742910551,"我有意见 我连被退了3条sc"
"","","","","鱼糕今天困了没",1742910186,"[doge2]"
"","","","","鱼糕今天困了没",1742910173,"速报 我的sc被退回了"
"","","","","鱼糕今天困了没",1742909999,"没事 你现在也可以发"
"","","","","鱼糕今天困了没",1742909928,"你为什么奖励他 我也要"
"","","","","鱼糕今天困了没",1742909863,"我要唱歌"
"","","","","鱼糕今天困了没",1742909862,"没关系 你跑路了我也喜欢你"
"","","","","鱼糕今天困了没",1742909855,"诺怎么跑路了"
"","","","","鱼糕今天困了没",1742909826,"啊对的对的 你是天才"
"","","","","鱼糕今天困了没",1742909769,"死盖qaq我喜欢你"
"","","","","鱼糕今天困了没",1742909748,"正确的"
"","","","","鱼糕今天困了没",1742909674,"3w你怎么带别人的20级牌子[委屈]"
"","","","","鱼糕今天困了没",1742909589,"羡慕被诺玩弄"
"","","","","鱼糕今天困了没",1742909500,"已被房管禁言"
"","","","","鱼糕今天困了没",1742909485,"哈哈哈哈哈哈哈哈"
"","","","","鱼糕今天困了没",1742909474,"诺！早！"
"","","","","鱼糕今天困了没",1742649031,"我最喜欢小灰🐑"
"","","","","鱼糕今天困了没",1742648786,"我的框是紫色的 提督也是 我约等于提督"
"","","","","鱼糕今天困了没",1742648731,"喂心动盲盒 然后去bls对对碰"
"","","","","鱼糕今天困了没",1742648675,"哦哦哦哦哦蓝毛诺 可爱"
"","","","","鱼糕今天困了没",1742613846,"我玩不过正常 我70小时 我对面1000"
"","","","","鱼糕今天困了没",1742613815,"还没玩明白 科技点的太慢了"
"","","","","鱼糕今天困了没",1742613787,"hhhhh"
"","","","","鱼糕今天困了没",1742613783,"打完了 被锤烂了"
"","","","","鱼糕今天困了没",1742573922,"你是神"
"","","","","鱼糕今天困了没",1742573916,"牛！"
"","","","","鱼糕今天困了没",1742496298,"马完了"
"","","","","鱼糕今天困了没",1742495979,"桂 盐都不带盐的"
"","","","","鱼糕今天困了没",1742390199,"我是老虎 雨诺打我[可怜]"
"","","","","鱼糕今天困了没",1742389503,"穹 看看🦵[dog]"
"","","","","鱼糕今天困了没",1742389418,"哦酷还有春日野悠"
"","","","","鱼糕今天困了没",1742389213,"Sweet home Alabama"
"","","","","鱼糕今天困了没",1742389205,"能吗 不能吧"
"","","","","鱼糕今天困了没",1742389121,"[比心]早 诺"
"","","","","鱼糕今天困了没",1742351899,"跑了 等不忙了再来 可能一周吧"
"","","","","鱼糕今天困了没",1742351820,"1.5km"
"","","","","鱼糕今天困了没",1742351814,"今天早上起来头是转的"
"","","","","鱼糕今天困了没",1742351804,"我再不逃课睡觉我要累麻了"
"","","","","鱼糕今天困了没",1742351794,"上课离宿舍远"
"","","","","鱼糕今天困了没",1742351739,"今天狠狠逃课睡觉一整天"
"","","","","鱼糕今天困了没",1742351730,"刚玩完星露谷"
"","","","","鱼糕今天困了没",1742264003,"哪里的猫猫"
"","","","","鱼糕今天困了没",1742263756,"草"
"","","","","鱼糕今天困了没",1742263741,"还有没有拾柴的 有我就充电池了"
"","","","","鱼糕今天困了没",1742263675,"原来这个键盘是纤雪的啊"
"","","","","鱼糕今天困了没",1742262739,"坏了 这个打不过"
"","","","","鱼糕今天困了没",1742262733,"哦哟"
"","","","","鱼糕今天困了没",1742261990,"打猫猫屁股可不是奖励他吗"
"","","","","鱼糕今天困了没",1742261880,"假期也就10几天"
"","","","","鱼糕今天困了没",1742261870,"哈哈哈哈哈哈哈哈哈哈我们是这样的"
"","","","","鱼糕今天困了没",1742261833,"工作日啦 写程序呢"
"","","","","鱼糕今天困了没",1742179137,"纤雪疑似还没发现我把牌子换了[dog]"
"","","","","鱼糕今天困了没",1742178889,"怎么唱一半给自己逗笑了呢[dog]"
"","","","","鱼糕今天困了没",1742178670,"[可怜]"
"","","","","鱼糕今天困了没",1742177615,"[dog][dog][dog]"
"","","","","鱼糕今天困了没",1742177612,"那想必我偷偷带别人的牌子你也没意见吧（"
"","","","","鱼糕今天困了没",1742177424,"手柄老登"
"","","","","鱼糕今天困了没",1742177413,"主机端我ps3 psv就玩了"
"","","","","鱼糕今天困了没",1742177319,"算起来小学6年级开始玩的"
"","","","","鱼糕今天困了没",1742177308,"我这个steam其实7年了"
"","","","","鱼糕今天困了没",1742177142,"报告 吃饭后小零食了（"
"","","","","鱼糕今天困了没",1742176955,"你看看认识几个"
"","","","","鱼糕今天困了没",1742176824,"等下 我截屏给你"
"","","","","鱼糕今天困了没",1742176789,"我玩的太多了玩不过来"
"","","","","鱼糕今天困了没",1742176760,"呼——哈——（*趴在桌上流口水）"
"","","","","鱼糕今天困了没",1742176715,"对的 还有15分钟"
"","","","","鱼糕今天困了没",1742176692,"困困喵"
"","","","","鱼糕今天困了没",1742176658,"喵呜"
"","","","","鱼糕今天困了没",1742175780,"做大做强 再创辉煌[doge2]"
"","","","","鱼糕今天困了没",1742174900,"我说怎么看过他出现一下又消失了"
"","","","","鱼糕今天困了没",1742174851,"所以顾凡是谁（"
"","","","","鱼糕今天困了没",1742174460,"哦哟"
"","","","","鱼糕今天困了没",1742174441,"排了半小时"
"","","","","鱼糕今天困了没",1742174433,"终于排到了 好好好"
"","","","","鱼糕今天困了没",1742174100,"好在哪里[dog]"
"","","","","鱼糕今天困了没",1742173935,"地狱梗不少"
"","","","","鱼糕今天困了没",1742173922,"他骂我我可能没感觉 我骂他他会怀疑上辈子"
"","","","","鱼糕今天困了没",1742173879,"包问候的 攻击性这一方面拿捏"
"","","","","鱼糕今天困了没",1742173809,"我会直接fk开头那b什么词结尾"
"","","","","鱼糕今天困了没",1742173786,"还是太文明了"
"","","","","鱼糕今天困了没",1742173758,"在洗衣机洗鞋容易被打"
"","","","","鱼糕今天困了没",1742173713,"别洗鞋就行"
"","","","","鱼糕今天困了没",1742173709,"想多了 默认都洗袜子"
"","","","","鱼糕今天困了没",1742173666,"第一次看到不满的8麦"
"","","","","鱼糕今天困了没",1742173665,"那就大概率找不着了"
"","","","","鱼糕今天困了没",1742173615,"并非有 都是机子"
"","","","","鱼糕今天困了没",1742173584,"有的没礼貌的会挪到某个未知角落"
"","","","","鱼糕今天困了没",1742173571,"我属于比较礼貌的"
"","","","","鱼糕今天困了没",1742173527,"有人占用几台机子洗完衣服不拿走"
"","","","","鱼糕今天困了没",1742173516,"在排队洗衣服"
"","","","","鱼糕今天困了没",1742097645,"眯！"
"","","","","鱼糕今天困了没",1742096148,"但是！他要80刀！滴血啊"
"","","","","鱼糕今天困了没",1742096137,"撑的不行"
"","","","","鱼糕今天困了没",1742096133,"上周点了个部队锅狂炫两碗大米饭"
"","","","","鱼糕今天困了没",1742096089,"呆久了看泡菜都是国宴"
"","","","","鱼糕今天困了没",1742096070,"我啥都想吃"
"","","","","鱼糕今天困了没",1742095987,"我饿呜呜呜哇哇哇哇哇哇哇哇哇"
"","","","","鱼糕今天困了没",1742095892,"现在23：30"
"","","","","鱼糕今天困了没",1742095884,"完全没人去吃 都买汉堡了"
"","","","","鱼糕今天困了没",1742095877,"今天学校食堂印度咖喱"
"","","","","鱼糕今天困了没",1742095832,"我回国第一要务是睡觉 第二要务是饭饭"
"","","","","鱼糕今天困了没",1742095781,"所以 离远点 没坏处（"
"","","","","鱼糕今天困了没",1742095775,"还得自己出钱 大几百刀打底 基本上千"
"","","","","鱼糕今天困了没",1742095744,"腿上紫了 进急诊还排队 别人比他急"
"","","","","鱼糕今天困了没",1742095721,"我有个学长路过啥都没干 被咬了一口"
"","","","","鱼糕今天困了没",1742095706,"攻击性太强"
"","","","","鱼糕今天困了没",1742095693,"以前还给喂 现在不行了"
"","","","","鱼糕今天困了没",1742095651,"他打你你进医院 你打他那是保护动物"
"","","","","鱼糕今天困了没",1742095637,"大鹅？那群都能当我教授学长了"
"","","","","鱼糕今天困了没",1742095573,"周末没有懒觉 还有大鹅叫醒 大鹅坏"
"","","","","鱼糕今天困了没",1742095555,"晚睡早起坏"
"","","","","鱼糕今天困了没",1742095539,"困是不困 就是全身酸的很"
"","","","","鱼糕今天困了没",1742095249,"所以加载卡卡的 还要等信用卡公司确认"
"","","","","鱼糕今天困了没",1742095217,"只能网页端扫二维码 走国外支付宝"
"","","","","鱼糕今天困了没",1742095198,"他不接受外卡支付"
"","","","","鱼糕今天困了没",1742095187,"这个我知道 我用不了"
"","","","","鱼糕今天困了没",1742095135,"然而我生活费没有额度百分之一"
"","","","","鱼糕今天困了没",1742095123,"我学生0收入给我大几万刷"
"","","","","鱼糕今天困了没",1742095085,"刷多了信用卡公司夸夸提额度"
"","","","","鱼糕今天困了没",1742095075,"没事 花加币还加币"
"","","","","鱼糕今天困了没",1742095019,"对 因为一分钱rmb没有"
"","","","","鱼糕今天困了没",1742094995,"加拿大的信用卡"
"","","","","鱼糕今天困了没",1742094984,"american express"
"","","","","鱼糕今天困了没",1742094950,"我充电池很慢"
"","","","","鱼糕今天困了没",1742094942,"其实并非突然"
"","","","","鱼糕今天困了没",1742094828,"夺少？"
"","","","","鱼糕今天困了没",1742094660,"学的好 好听喵"
"","","","","鱼糕今天困了没",1742094340,"好的喵"
"","","","","鱼糕今天困了没",1742094297,"我都行啊"
"","","","","鱼糕今天困了没",1742094174,"嗯？"
"","","","","鱼糕今天困了没",1742093110,"感觉前两天给我累着了"
"","","","","鱼糕今天困了没",1742093104,"我啥都没干呢 躺着呢"
"","","","","鱼糕今天困了没",1742092499,"不必多说"
"","","","","鱼糕今天困了没",1742092491,"害 食堂"
"","","","","鱼糕今天困了没",1742092285,"开玩"
"","","","","鱼糕今天困了没",1742092281,"考完期中2"
"","","","","鱼糕今天困了没",1742092273,"终于是没有写作业了"
"","","","","鱼糕今天困了没",1742052103,"10块很好了"
"","","","","鱼糕今天困了没",1742042536,"[dog]"
"","","","","鱼糕今天困了没",1742042362,"诺 看看玉额头"
"","","","","鱼糕今天困了没",1742042293,"但是看看🦵"
"","","","","鱼糕今天困了没",1742042279,"呜呜呜呜呜呜呜呜呜呜"
"","","","","鱼糕今天困了没",1742042199,"诺！看看🦵（"
"","","","","鱼糕今天困了没",1741963242,"哇好古老的东西"
"","","","","鱼糕今天困了没",1741961101,"连着点一周啊 怎么不算学歌呢[dog]"
"","","","","鱼糕今天困了没",1741960995,"那不得不点歌单外的了"
"","","","","鱼糕今天困了没",1741960942,"12:00！"
"","","","","鱼糕今天困了没",1741960934,"凑整！"
"","","","","鱼糕今天困了没",1741960853,"移动端4060太拉了"
"","","","","鱼糕今天困了没",1741960841,"我到现在还没玩上流畅的2077"
"","","","","鱼糕今天困了没",1741960794,"50系烧电源驱动修了吗"
"","","","","鱼糕今天困了没",1741960765,"英特尔生产台式都出来了"
"","","","","鱼糕今天困了没",1741960757,"别整奇奇怪怪配置"
"","","","","鱼糕今天困了没",1741960747,"我意思你推点正经的"
"","","","","鱼糕今天困了没",1741960693,"何必呢"
"","","","","鱼糕今天困了没",1741960688,"我第一反应他说的计算棒和nuc"
"","","","","鱼糕今天困了没",1741960659,"英特尔是啥牌子啊"
"","","","","鱼糕今天困了没",1741960605,"推点好的吧"
"","","","","鱼糕今天困了没",1741960548,"这样你就可以只考虑游戏性能了"
"","","","","鱼糕今天困了没",1741960533,"其实你有两台笔记本插个采集卡推辅机都行"
"","","","","鱼糕今天困了没",1741960513,"带得动直播好说"
"","","","","鱼糕今天困了没",1741960413,"我上次西部ssd返厂卡我半天"
"","","","","鱼糕今天困了没",1741960391,"三星好在保修不拖"
"","","","","鱼糕今天困了没",1741960346,"电脑买苹果是有什么特别的用途吗"
"","","","","鱼糕今天困了没",1741960321,"我每次加硬盘都买西部的oem"
"","","","","鱼糕今天困了没",1741960302,"贵点贵点"
"","","","","鱼糕今天困了没",1741960288,"那三星吧"
"","","","","鱼糕今天困了没",1741960256,"西部没了？？"
"","","","","鱼糕今天困了没",1741960203,"固态的话片没坏就不会丢"
"","","","","鱼糕今天困了没",1741960190,"那数据肯定没事"
"","","","","鱼糕今天困了没",1741960167,"那台"
"","","","","鱼糕今天困了没",1741960165,"固态还是机械啊"
"","","","","鱼糕今天困了没",1741959983,"🤖👋"
"","","","","鱼糕今天困了没",1741959972,"其实我叫鱼诺akari"
"","","","","鱼糕今天困了没",1741959731,"[doge2]"
"","","","","鱼糕今天困了没",1741959724,"后来不认识就一律不加了"
"","","","","鱼糕今天困了没",1741959705,"有人说我应该开心 事实上是一帮人拿图就跑"
"","","","","鱼糕今天困了没",1741959643,"妈！"
"","","","","鱼糕今天困了没",1741958690,"就是今年status疑似保不住要多飞两段"
"","","","","鱼糕今天困了没",1741958677,"不至于铁屁股"
"","","","","鱼糕今天困了没",1741958665,"我有status可以用点数升舱不花钱"
"","","","","鱼糕今天困了没",1741958606,"买个机上wifi起飞接着看"
"","","","","鱼糕今天困了没",1741958590,"羡慕飞机上"
"","","","","鱼糕今天困了没",1741958233,"原意并非好词"
"","","","","鱼糕今天困了没",1741958219,"三小是台语"
"","","","","鱼糕今天困了没",1741957617,"发q了 这两个牌子的我买好几回了[dog]"
"","","","","鱼糕今天困了没",1741957490,"也不知道怎么解释cider 要不链接发你"
"","","","","鱼糕今天困了没",1741957403,"雨诺 我喜欢你[比心]"
"","","","","鱼糕今天困了没",1741957374,"我觉得水果味的cider很无敌"
"","","","","鱼糕今天困了没",1741957340,"我要力推apple cider"
"","","","","鱼糕今天困了没",1741957295,"直接喝打竞技要被骂了（"
"","","","","鱼糕今天困了没",1741957279,"我边打游戏边喝的"
"","","","","鱼糕今天困了没",1741957169,"我本意是想睡晚一点的"
"","","","","鱼糕今天困了没",1741957144,"[doge2]"
"","","","","鱼糕今天困了没",1741957127,"昨天晚上我在金汤力 今天早上照样被鹅叫醒"
"","","","","鱼糕今天困了没",1741957007,"（对我看到你玩我想起来还有5s了"
"","","","","鱼糕今天困了没",1741956975,"说到p5我买了p5strikers"
"","","","","鱼糕今天困了没",1741956846,"想必只要大家都能听懂就是好语法"
"","","","","鱼糕今天困了没",1741956831,"我的语法已经崩坏了"
"","","","","鱼糕今天困了没",1741956820,"英语吗 那很好了"
"","","","","鱼糕今天困了没",1741956695,"这样我常驻的地方都能用"
"","","","","鱼糕今天困了没",1741956680,"我直接给电脑买了俩充电器"
"","","","","鱼糕今天困了没",1741956649,"对的喵 但我还有论文要写（"
"","","","","鱼糕今天困了没",1741956603,"没课哦 我课表上四休三"
"","","","","鱼糕今天困了没",1741956583,"诺！早！"
"","","","","鱼糕今天困了没",1741786403,"11111"
"","","","","鱼糕今天困了没",1741786358,"[花]有爽到[比心]"
"","","","","鱼糕今天困了没",1741786308,"好听得很"
"","","","","鱼糕今天困了没",1741785794,"[dog]"
"","","","","鱼糕今天困了没",1741785790,"看到了吗 还有空间 大家都来挨骂"
"","","","","鱼糕今天困了没",1741785552,"可以 充个电池"
"","","","","鱼糕今天困了没",1741785499,"死盖qaq我喜欢你"
"","","","","鱼糕今天困了没",1741785303,"哈人的很 我不敢吃"
"","","","","鱼糕今天困了没",1741785294,"那个甜的不是奶油 是糖霜"
"","","","","鱼糕今天困了没",1741784901,"猫猫！早！"
"","","","","鱼糕今天困了没",1741750294,"经典25"
"","","","","鱼糕今天困了没",1741750137,"绷不住了"
"","","","","鱼糕今天困了没",1741749469,"日常是这样的 所以放假就是休息"
"","","","","鱼糕今天困了没",1741749375,"冬令时结束了"
"","","","","鱼糕今天困了没",1741749367,"这两天变12小时了"
"","","","","鱼糕今天困了没",1741749332,"我英语日语的都有"
"","","","","鱼糕今天困了没",1741749322,"我已经躺下了 感觉明后两天赶赶不是赶不出"
"","","","","鱼糕今天困了没",1741749292,"虽然就700词这样"
"","","","","鱼糕今天困了没",1741749260,"累得慌 不想写"
"","","","","鱼糕今天困了没",1741698813,"实习生小诺！早！"
"","","","","鱼糕今天困了没",1741579256,"等下"
"","","","","鱼糕今天困了没",1741579216,"涨的慢"
"","","","","鱼糕今天困了没",1741579213,"大厅牌子没到20上限很低"
"","","","","鱼糕今天困了没",1741579019,"不一样 有的一学期三次 有的四次"
"","","","","鱼糕今天困了没",1741578990,"不过四月头又要忙"
"","","","","鱼糕今天困了没",1741578980,"对 下周就好了"
"","","","","鱼糕今天困了没",1741578949,"做完了 眯！明天还得熬"
"","","","","鱼糕今天困了没",1741578776,"嗯~"
"","","","","鱼糕今天困了没",1741577160,"我都听 纯杂食"
"","","","","鱼糕今天困了没",1741577099,"可以喵"
"","","","","鱼糕今天困了没",1741576792,"影响我驾驶的话"
"","","","","鱼糕今天困了没",1741576785,"虽然法律意义上可以创他 如果他切到我前面"
"","","","","鱼糕今天困了没",1741576715,"多伦多也全是 还不要驾照没人管"
"","","","","鱼糕今天困了没",1741576629,"还行 没有禁摩没那么多麻烦"
"","","","","鱼糕今天困了没",1741576607,"然后路考和高速考分开 所以我要考4回"
"","","","","鱼糕今天困了没",1741576579,"一个证 两个准假类型"
"","","","","鱼糕今天困了没",1741576512,"主要我还有个摩托车证的部分"
"","","","","鱼糕今天困了没",1741576499,"对 重新考 估摸着要花2500刀"
"","","","","鱼糕今天困了没",1741576484,"没有 加拿大在左边"
"","","","","鱼糕今天困了没",1741576467,"我国内有驾照其实 这边不给用"
"","","","","鱼糕今天困了没",1741576455,"约等于国内科目三吧"
"","","","","鱼糕今天困了没",1741576438,"还有一篇论文"
"","","","","鱼糕今天困了没",1741576429,"这周三个考试一个驾考"
"","","","","鱼糕今天困了没",1741575568,"兔兔你回去"
"","","","","鱼糕今天困了没",1741575561,"？兔兔坏"
"","","","","鱼糕今天困了没",1741575537,"我要把精灵兔吃光光"
"","","","","鱼糕今天困了没",1741575398,"兔兔坏 兔兔坏"
"","","","","鱼糕今天困了没",1741575197,"不用穿大厚外套了"
"","","","","鱼糕今天困了没",1741575185,"还行 高于0度了反正"
"","","","","鱼糕今天困了没",1741575148,"过几天又考试"
"","","","","鱼糕今天困了没",1741575135,"这个点 想必鱼糕是在写作业（"
"","","","","鱼糕今天困了没",1741445742,"诺王国 万岁！"
"","","","","鱼糕今天困了没",1741445734,"你的盐我的醋！"
"","","","","鱼糕今天困了没",1741445101,"可以听诺说劳资蜀道山吗"
"","","","","鱼糕今天困了没",1741444286,"诺！早！"
"","","","","鱼糕今天困了没",1741417878,"好切"
"","","","","鱼糕今天困了没",1741417847,"高僧预测：瞄地被抓"
"","","","","鱼糕今天困了没",1741333882,"你这个ip 那确实有点吓人"
"","","","","鱼糕今天困了没",1741328944,"下午好～"
"","","","","鱼糕今天困了没",1741269806,"晚上好～"
"","","","","鱼糕今天困了没",1741232902,"那必然是猫赢了 因为龙虾变熟了"
"","","","","鱼糕今天困了没",1741232774,"能吃的很 还挑食"
"","","","","鱼糕今天困了没",1741232767,"母猫"
"","","","","鱼糕今天困了没",1741232592,"睡觉要躺我腿边"
"","","","","鱼糕今天困了没",1741232575,"有 天天抢我饭吃"
"","","","","鱼糕今天困了没",1741232547,"可爱猫猫 想念我家小猫了"
"","","","","鱼糕今天困了没",1741231495,"steam id"
"","","","","鱼糕今天困了没",1741231487,"游戏太多了"
"","","","","鱼糕今天困了没",1741231481,"战绩可查"
"","","","","鱼糕今天困了没",1741231476,"id：f1shcake#onegai"
"","","","","鱼糕今天困了没",1741231433,"我是pc单机玩家"
"","","","","鱼糕今天困了没",1741231429,"不玩"
"","","","","鱼糕今天困了没",1741229901,"这个歌词 有一种 非常前卫的感觉"
"","","","","鱼糕今天困了没",1741229466,"注销不了一点"
"","","","","鱼糕今天困了没",1741229420,"我气死"
"","","","","鱼糕今天困了没",1741229415,"我在国外还必须得保着60GB套餐"
"","","","","鱼糕今天困了没",1741229396,"我被开了个没金额的附加服务不能改套餐了"
"","","","","鱼糕今天困了没",1741229371,"别接 不知道啥时候就被莫名其妙办套餐了"
"","","","","鱼糕今天困了没",1741228653,"感觉不如我今天一发出雏菊 给我看呆了"
"","","","","鱼糕今天困了没",1741227611,"包好吃"
"","","","","鱼糕今天困了没",1741227607,"我常驻npc"
"","","","","鱼糕今天困了没",1741227600,"有 我们旁边有一家重庆味道 还有越南米粉"
"","","","","鱼糕今天困了没",1741227555,"我周末都是忍不了点外卖的"
"","","","","鱼糕今天困了没",1741227536,"和面包 汉堡"
"","","","","鱼糕今天困了没",1741227527,"主食天天芝士意面"
"","","","","鱼糕今天困了没",1741227520,"烤鸡是干的 泰式咖喱口味吃起来粉粉的 痛"
"","","","","鱼糕今天困了没",1741227500,"不好吃 一点都不好吃"
"","","","","鱼糕今天困了没",1741227473,"我们学校食堂 逆天中的逆天"
"","","","","鱼糕今天困了没",1741227236,"哦哦ok 我怕不给你个人你拿不着"
"","","","","鱼糕今天困了没",1741227112,"在写 问题不大 我在写小论文"
"","","","","鱼糕今天困了没",1741227057,"哦哟pk吗"
"","","","","鱼糕今天困了没",1741115233,"还有高手 不是t图吗 t不拿分"
"","","","","鱼糕今天困了没",1741115125,"蹦蹦跳跳 倒头就睡 年轻就是好"
"","","","","鱼糕今天困了没",1741115011,"下半场真能拿三分吗 感觉没了"
"","","","","鱼糕今天困了没",1741114830,"打昏头了 开始干拉钻烟了"
"","","","","鱼糕今天困了没",1741114282,"广义官匹 有官方 也有匹配"
"","","","","鱼糕今天困了没",1740931595,"好像 都唱了"
"","","","","鱼糕今天困了没",1740930052,"ff7好磕[doge2]"
"","","","","鱼糕今天困了没",1740836189,"崛起好打吗 那我去买一个"
"","","","","鱼糕今天困了没",1740801221,"可以喵"
"","","","","鱼糕今天困了没",1740800606,"cs"
"","","","","鱼糕今天困了没",1740800191,"主打一个会了就行 可以只做作业 没人管的"
"","","","","鱼糕今天困了没",1740800132,"没事 课可以不去上 不记考勤[dog]"
"","","","","鱼糕今天困了没",1740800093,"我生物钟很乱的 不知道啥时候就醒了眯了"
"","","","","鱼糕今天困了没",1740800033,"多伦多 13小时 我晚上10:33"
"","","","","鱼糕今天困了没",1740799817,"远程连的 我朋友在美国 我在加拿大"
"","","","","鱼糕今天困了没",1740799517,"不是 33332只是基础型 基础型没有役"
"","","","","鱼糕今天困了没",1740799472,"要有牌型"
"","","","","鱼糕今天困了没",1740799469,"就是要和牌必须有役种"
"","","","","鱼糕今天困了没",1740799452,"对 雀魂"
"","","","","鱼糕今天困了没",1740799398,"日麻"
"","","","","鱼糕今天困了没",1740799381,"麻将"
"","","","","鱼糕今天困了没",1740799357,"在打牌 晚上才做完作业"
"","","","","鱼糕今天困了没",1740679175,"[dog][dog][dog]"
"","","","","鱼糕今天困了没",1740679171,"OK 下播吗 那我看别的妹妹去了"
"","","","","鱼糕今天困了没",1740679137,"[花]"
"","","","","鱼糕今天困了没",1740678976,"这位更是 这位直播西游记原片"
"","","","","鱼糕今天困了没",1740678923,"只赢不超额"
"","","","","鱼糕今天困了没",1740678914,"还有7电池"
"","","","","鱼糕今天困了没",1740678907,"稳健"
"","","","","鱼糕今天困了没",1740678876,"重生打到一半"
"","","","","鱼糕今天困了没",1740678868,"我还在ff7"
"","","","","鱼糕今天困了没",1740678864,"不会怪猎"
"","","","","鱼糕今天困了没",1740626326,"吃到自己了吗"
"","","","","鱼糕今天困了没",1740624066,"下个月的"
"","","","","鱼糕今天困了没",1740624058,"咳咳 这个月不行"
"","","","","鱼糕今天困了没",1740623969,"在"
"","","","","鱼糕今天困了没",1740623851,"好好看的特效"
"","","","","鱼糕今天困了没",1740620966,"在电脑上 所以在听"
"","","","","鱼糕今天困了没",1740620959,"其实是写代码"
"","","","","鱼糕今天困了没",1740620921,"在"
"","","","","鱼糕今天困了没",1740620405,"没事 我可以打字"
"","","","","鱼糕今天困了没",1740620347,"在"
"","","","","鱼糕今天困了没",1740619171,"没有吧"
"","","","","鱼糕今天困了没",1740619118,"确实 我们学校出了名的卷"
"","","","","鱼糕今天困了没",1740619045,"期中考完了接着上课[捂脸]"
"","","","","鱼糕今天困了没",1740618967,"感觉不好说"
"","","","","鱼糕今天困了没",1740618962,"我考艺术史和经济"
"","","","","鱼糕今天困了没",1740618930,"我在和考试搏斗"
"","","","","鱼糕今天困了没",1740577250,"下个月初"
"","","","","鱼糕今天困了没",1740577238,"新卡额度太低了"
"","","","","鱼糕今天困了没",1740577232,"信用卡爆了 下个月能上"
"","","","","鱼糕今天困了没",1740576443,"哈哈哈哈哈哈哈哈"
"","","","","鱼糕今天困了没",1740576056,"小委屈更可爱了 想欺负"
"","","","","鱼糕今天困了没",1740504716,"草"
"","","","","鱼糕今天困了没",1740504699,"先走了 复习去了"
"","","","","鱼糕今天困了没",1740504652,"这个森林茶话会是新上的吗 好好看"
"","","","","鱼糕今天困了没",1740504617,"很有挑战性啊"
"","","","","鱼糕今天困了没",1740504586,"懂了 开个小号 看看山能不能认出来"
"","","","","鱼糕今天困了没",1740503292,"五彩斑斓的黑"
"","","","","鱼糕今天困了没",1740503275,"[dog]"
"","","","","鱼糕今天困了没",1740502378,"我的专业吗"
"","","","","鱼糕今天困了没",1740502366,"立个flag"
"","","","","鱼糕今天困了没",1740502361,"今天刚考完艺术史 下午经济"
"","","","","鱼糕今天困了没",1740501685,"差的多呢"
"","","","","鱼糕今天困了没",1740501679,"猫车概率0.13"
"","","","","鱼糕今天困了没",1740501608,"笑不出来"
"","","","","鱼糕今天困了没",1740501602,"剩下的基本上60%是兔子"
"","","","","鱼糕今天困了没",1740501594,"我最好就出过1k的车 就那么一次"
"","","","","鱼糕今天困了没",1740500979,"把会员保级了"
"","","","","鱼糕今天困了没",1740234795,"只要是黑的我就没借过"
"","","","","鱼糕今天困了没",1740234783,"我超 撸口子"
"","","","","鱼糕今天困了没",1740234749,"我没有意见"
"","","","","鱼糕今天困了没",1740234742,"你可以觉得我是"
"","","","","鱼糕今天困了没",1740234613,"你也赚了 我也赚了"
"","","","","鱼糕今天困了没",1740234606,"雨诺借我1998我上个提督"
"","","","","鱼糕今天困了没",1740205067,"半年不到[委屈]"
"","","","","鱼糕今天困了没",1740205048,"呃 可能半年一年？"
"","","","","鱼糕今天困了没",1740205028,"僚机情报的力量"
"","","","","鱼糕今天困了没",1740205000,"转头就跟另一个谈上了"
"","","","","鱼糕今天困了没",1740204985,"她说理由是学习太忙"
"","","","","鱼糕今天困了没",1740204734,"怎么可以直接亲亲呢 这样是坏宝宝"
"","","","","鱼糕今天困了没",1740203130,"vv！"
"","","","","鱼糕今天困了没",1739805020,"又延了"
"","","","","鱼糕今天困了没",1739805011,"还得卡起码俩小时"
"","","","","鱼糕今天困了没",1739805004,"halifax yhz"
"","","","","鱼糕今天困了没",1739781001,"77下午好！"
"","","","","鱼糕今天困了没",1739766521,"好久没摸这个了"
"","","","","鱼糕今天困了没",1739766509,"哇 戴森球"
"","","","","鱼糕今天困了没",1739716771,"特雷纳桑！"
"","","","","鱼糕今天困了没",1739716629,"大和scarlet！"
"","","","","鱼糕今天困了没",1739716566,"包的"
"","","","","鱼糕今天困了没",1739716095,"诶 诺要骂我吗 请"
"","","","","鱼糕今天困了没",1739715430,"铁锅炖大诺！"
"","","","","鱼糕今天困了没",1739715065,"八宝粥！"
"","","","","鱼糕今天困了没",1739713217,"大漠波新是作者名字"
"","","","","鱼糕今天困了没",1739713184,"好听好玩"
"","","","","鱼糕今天困了没",1739713171,"のだ　大漠波新"
"","","","","鱼糕今天困了没",1739712980,"吃掉了我就是新诺！"
"","","","","鱼糕今天困了没",1739712931,"是会唱歌的诺耶 想炖肉吃掉[花]"
"","","","","鱼糕今天困了没",1739712804,"[喝彩][喝彩][喝彩][喝彩][喝彩][喝彩][喝彩][喝彩]"
"","","","","鱼糕今天困了没",1739712749,"拉瑞安是这个👍"
"","","","","鱼糕今天困了没",1739712737,"博得之门确实好玩"
"","","","","鱼糕今天困了没",1739712559,"暑假低价票和直飞还没放出来"
"","","","","鱼糕今天困了没",1739712541,"这种是真有人喝"
"","","","","鱼糕今天困了没",1739712519,"见过20泵糖浆10份砂糖的配置吗"
"","","","","鱼糕今天困了没",1739712454,"但是我是加航学生票的狗 加航就会贵一点"
"","","","","鱼糕今天困了没",1739712422,"看舱位吧 国内某些航司转机来回可能$1k"
"","","","","鱼糕今天困了没",1739712273,"我严重怀疑我飞回去飞过来一趟都比修便宜"
"","","","","鱼糕今天困了没",1739712162,"诺香喷嚏吗"
"","","","","鱼糕今天困了没",1739712014,"诺！早！"
"","","","","鱼糕今天困了没",1739633418,"vv可爱捏"
"","","","","鱼糕今天困了没",1739600521,"[喝彩][喝彩][喝彩]"
"","","","","鱼糕今天困了没",1739600296,"这是yuika？"
"","","","","鱼糕今天困了没",1739600291,"算吧"
"","","","","鱼糕今天困了没",1739600074,"我听jpop多一点"
"","","","","鱼糕今天困了没",1739599903,"啊 一发出啊"
"","","","","鱼糕今天困了没",1739542880,"爽！"
"","","","","鱼糕今天困了没",1739542853,"请狠狠的用pocky烫我"
"","","","","鱼糕今天困了没",1739542804,"请烫我"
"","","","","鱼糕今天困了没",1739541518,"哦健胃消食片"
"","","","","鱼糕今天困了没",1739541502,"布洛芬 开瑞坦 消炎药 这种都有"
"","","","","鱼糕今天困了没",1739541468,"也不知道吃的对不对 反正吃了"
"","","","","鱼糕今天困了没",1739541455,"我衣柜里面有一抽屉常用药"
"","","","","鱼糕今天困了没",1739541415,"学生保险没什么coverage"
"","","","","鱼糕今天困了没",1739541407,"我没有health card的"
"","","","","鱼糕今天困了没",1739541402,"我没有 我不敢看"
"","","","","鱼糕今天困了没",1739541050,"足够洗澡听完歌了 正好1%结束"
"","","","","鱼糕今天困了没",1739540651,"诺🦵好 可以烧烤"
"","","","","鱼糕今天困了没",1739540603,"从看看🦵做起 所以诺 看看🦵"
"","","","","鱼糕今天困了没",1739540562,"想看诺香柠檬茶"
"","","","","鱼糕今天困了没",1739540374,"可以分吗 那我要诺神的左手"
"","","","","鱼糕今天困了没",1739540214,"看看🦵"
"","","","","鱼糕今天困了没",1739539753,"有无形的东西在手上 只要碰别的地方就洗"
"","","","","鱼糕今天困了没",1739539728,"我"
"","","","","鱼糕今天困了没",1739539648,"糖糖把我藏在了衣柜里 说被发现了就要踢我"
"","","","","鱼糕今天困了没",1739539625,"其实我是阿p 我现在正在糖糖家里偷看直播"
"","","","","鱼糕今天困了没",1739539304,"没有合集了那不打sc了"
"","","","","鱼糕今天困了没",1739539240,"趁诺看不见赶紧发点能进合集的"
"","","","","鱼糕今天困了没",1739539227,"这种时候就该偷偷打sc了"
"","","","","鱼糕今天困了没",1739539185,"我都不敢吃 感觉自己会变成很奇怪的样子"
"","","","","鱼糕今天困了没",1739539160,"说到热量我们食堂那个全是芝士的意面更bt"
"","","","","鱼糕今天困了没",1739538978,"[比心]"
"","","","","鱼糕今天困了没",1739538973,"喜欢有点苦的味道 就像骂我会让我有点爽到"
"","","","","鱼糕今天困了没",1739538863,"我超 冰！"
"","","","","鱼糕今天困了没",1739538845,"我最多能接受85%"
"","","","","鱼糕今天困了没",1739538827,"97%也太猛了"
"","","","","鱼糕今天困了没",1739538774,"好甜好甜 都是我的….🤤"
"","","","","鱼糕今天困了没",1739538751,"想吃想吃想吃想吃想吃 诺香巧克力嘿嘿嘿嘿"
"","","","","鱼糕今天困了没",1739538671,"想吃"
"","","","","鱼糕今天困了没",1739538661,"诺香巧巧吗"
"","","","","鱼糕今天困了没",1739538582,"还好之前买了不少"
"","","","","鱼糕今天困了没",1739538570,"我没买啊 我属于是被封在宿舍那一派的"
"","","","","鱼糕今天困了没",1739538547,"不记得具体在哪里了"
"","","","","鱼糕今天困了没",1739538543,"要不就是某个ending"
"","","","","鱼糕今天困了没",1739538536,"去游乐园还是哪个地方的bgm还行"
"","","","","鱼糕今天困了没",1739538326,"坏了 诺好可怕 活不到明天早上了呜呜呜"
"","","","","鱼糕今天困了没",1739538209,"糖糖当女仆吗 真不怕晚上被桶似吗（"
"","","","","鱼糕今天困了没",1739538168,"也不算白色 反正就是那个超天酱形态"
"","","","","鱼糕今天困了没",1739538150,"热度其实是在于地雷和另一套白色的衣服"
"","","","","鱼糕今天困了没",1739537886,"（对 我是初期muse plus倒霉蛋"
"","","","","鱼糕今天困了没",1739537866,"导致现在muse plus也变成解锁全歌"
"","","","","鱼糕今天困了没",1739537666,"原价不便宜 计划通打骨折买的"
"","","","","鱼糕今天困了没",1739537437,"诺！早！"
"","","","","鱼糕今天困了没",1739516304,"这个"
"","","","","鱼糕今天困了没",1739516274,"对的 是会说话的版本"
"","","","","鱼糕今天困了没",1739516262,"有人开过新盲盒吗"
"","","","","鱼糕今天困了没",1739515176,"好耶！"
"","","","","鱼糕今天困了没",1739515173,"哦那我应该能看到"
"","","","","鱼糕今天困了没",1739515146,"明天还有直播看吗"
"","","","","鱼糕今天困了没",1739515053,"什么学姐 哪里有学姐"
"","","","","鱼糕今天困了没",1739514788,"可爱捏 捏捏"
"","","","","鱼糕今天困了没",1739514381,"甚至是微信进去了吗哈哈哈哈"
"","","","","鱼糕今天困了没",1739514197,"可以有我吗"
"","","","","鱼糕今天困了没",1739514072,"什么 居然开了美颜吗"
"","","","","鱼糕今天困了没",1739513965,"多个色彩边框"
"","","","","鱼糕今天困了没",1739513942,"没用 纯是电池堆的"
"","","","","鱼糕今天困了没",1739513906,"这样 你先提升点你的荣耀等级 看看实力"
"","","","","鱼糕今天困了没",1739513291,"其实比老印有素质"
"","","","","鱼糕今天困了没",1739513280,"差不多 少一点"
"","","","","鱼糕今天困了没",1739513264,"基本上南方边境州"
"","","","","鱼糕今天困了没",1739513254,"少 美国多"
"","","","","鱼糕今天困了没",1739513233,"不如隔壁美国民风淳朴"
"","","","","鱼糕今天困了没",1739513222,"还好吧 安全起码还是有的"
"","","","","鱼糕今天困了没",1739513145,"我攻击力比较强 不太敢找我"
"","","","","鱼糕今天困了没",1739513135,"表面上没有 其实还是有"
"","","","","鱼糕今天困了没",1739513127,"他们会指使种姓低的"
"","","","","鱼糕今天困了没",1739513105,"没有刻板印象 全是真实输出"
"","","","","鱼糕今天困了没",1739513090,"喜欢指使人做事也是真的"
"","","","","鱼糕今天困了没",1739513074,"偷别人旺旺雪饼也是真的"
"","","","","鱼糕今天困了没",1739513063,"加油站蹲下开拉也是真的"
"","","","","鱼糕今天困了没",1739513012,"ip正确了这回"
"","","","","鱼糕今天困了没",1739513006,"别的都不认识"
"","","","","鱼糕今天困了没",1739513000,"朋友有一两个"
"","","","","鱼糕今天困了没",1739512996,"牢印偏多"
"","","","","鱼糕今天困了没",1739512948,"平时没人说话憋的"
"","","","","鱼糕今天困了没",1739512894,"问呗 公开信息都能说 不公开的我也不知道"
"","","","","鱼糕今天困了没",1739512853,"（"
"","","","","鱼糕今天困了没",1739512734,"确实"
"","","","","鱼糕今天困了没",1739512656,"没差别"
"","","","","鱼糕今天困了没",1739512651,"我无所谓啊 学了十几年英语楼"
"","","","","鱼糕今天困了没",1739512599,"我太菜了进不了那个范围"
"","","","","鱼糕今天困了没",1739512585,"只有采访的几个人才有"
"","","","","鱼糕今天困了没",1739512532,"这对吗"
"","","","","鱼糕今天困了没",1739512530,"坏了"
"","","","","鱼糕今天困了没",1739512517,"不能真有人认识我吧 但我普高"
"","","","","鱼糕今天困了没",1739512507,"？"
"","","","","鱼糕今天困了没",1739512429,"其实吧我觉得有女同学更重要一点（"
"","","","","鱼糕今天困了没",1739512298,"技工学校"
"","","","","鱼糕今天困了没",1739512291,"滑铁卢"
"","","","","鱼糕今天困了没",1739512270,"时差13小时啊"
"","","","","鱼糕今天困了没",1739512244,"绕半圈"
"","","","","鱼糕今天困了没",1739512240,"飞机十几个小时吧"
"","","","","鱼糕今天困了没",1739512178,"对"
"","","","","鱼糕今天困了没",1739512092,"你在哪儿啊"
"","","","","鱼糕今天困了没",1739511992,"我时区在 12:46 am"
"","","","","鱼糕今天困了没",1739511978,"我明天早上 要上课"
"","","","","鱼糕今天困了没",1739511889,"记仇吗 有点"
"","","","","鱼糕今天困了没",1739511775,"嘴角压不住了"
"","","","","鱼糕今天困了没",1739511691,"我先去眯了 明天还上课"
"","","","","鱼糕今天困了没",1739511202,"有钱吗 并非有钱"
"","","","","鱼糕今天困了没",1739511119,"技工学校伪装大学"
"","","","","鱼糕今天困了没",1739511105,"虽然我是学艺术的"
"","","","","鱼糕今天困了没",1739511099,"理工校是这样的"
"","","","","鱼糕今天困了没",1739510995,"解读一下什么叫没有正常人"
"","","","","鱼糕今天困了没",1739510939,"大一"
"","","","","鱼糕今天困了没",1739510916,"高中谈的分了有段时间了"
"","","","","鱼糕今天困了没",1739510820,"羡慕有npy的"
"","","","","鱼糕今天困了没",1739510130,"好好好好好"
"","","","","鱼糕今天困了没",1739510092,"我05"
"","","","","鱼糕今天困了没",1739510087,"哈哈哈哈哈还是要输赢吗"
"","","","","鱼糕今天困了没",1739510030,"真要年份吗"
"","","","","鱼糕今天困了没",1739509975,"我5号"
"","","","","鱼糕今天困了没",1739509947,"笑了"
"","","","","鱼糕今天困了没",1739509918,"我啊 天蝎"
"","","","","鱼糕今天困了没",1739509821,"[比心]"
"","","","","鱼糕今天困了没",1739509581,"什么是 人味（"
"","","","","鱼糕今天困了没",1739509507,"可爱捏vv"
"","","","","鱼糕今天困了没",1739509502,"[花]"
"","","","","鱼糕今天困了没",1739508799,"（"
"","","","","鱼糕今天困了没",1739508794,"不知道 就是看啥都想吃 吃到吃不下"
"","","","","鱼糕今天困了没",1739460294,"好[花]"
"","","","","鱼糕今天困了没",1739455911,"笑不行了"
"","","","","鱼糕今天困了没",1739455516,"那… 来点to签…？"
"","","","","鱼糕今天困了没",1738333710,"什么？亲醒？那也可以"
"","","","","鱼糕今天困了没",1738265022,"我勒个凌晨3:33"
"","","","","鱼糕今天困了没",1738264998,"什么b时间cs啊"
"","","","","鱼糕今天困了没",1738074352,"我自愿加入诺香试毒计划🫡"
"","","","","鱼糕今天困了没",1738074329,"我被家人叫起来视频的"
"","","","","鱼糕今天困了没",1738074275,"雨诺🤤🤤诺香饺子🤤🤤🤤"
"","","","","鱼糕今天困了没",1738073763,"哇 雨诺akari长大了（"
"","","","","鱼糕今天困了没",1738072706,"这个雨诺akari真是太圆了"
"","","","","鱼糕今天困了没",1738071036,"不捏紧就是肉丸面片汤～"
"","","","","鱼糕今天困了没",1738070295,"好奇这个👉👈"
"","","","","鱼糕今天困了没",1737917399,"这tm能发出来啊"
"","","","","鱼糕今天困了没",1737916555,"看到玩出吃胖了忍不住轻哼起来"
"","","","","鱼糕今天困了没",1737916448,"这里是女版MachineWJQ的直播间吗"
"","","","","鱼糕今天困了没",1737909517,"*咣 *咣 *咣"
"","","","","鱼糕今天困了没",1737909500,"我滑跪"
"","","","","鱼糕今天困了没",1737909496,"老是忘记开自动换牌子"
"","","","","鱼糕今天困了没",1737909488,"其实今天也是带着别人的牌子进来的"
"","","","","鱼糕今天困了没",1737828723,"？"
"","","","","鱼糕今天困了没",1737827589,"oi"
"","","","","鱼糕今天困了没",1737826092,"午饭点了个炸鸡 备注要餐具 给了个软勺了"
"","","","","鱼糕今天困了没",1737817559,"没想法👉👈"
"","","","","鱼糕今天困了没",1737816559,"晚上好～"
"","","","","鱼糕今天困了没",1737725871,"146[花]"
"","","","","鱼糕今天困了没",1737725833,"+4"
"","","","","鱼糕今天困了没",1737725738,"+2"
"","","","","鱼糕今天困了没",1737725690,"他就问我你去干啥 就过了👉👈"
"","","","","鱼糕今天困了没",1737725274,"[吃瓜][吃瓜]"
"","","","","鱼糕今天困了没",1737725230,"我 只想 看你 蹲起[比心]"
"","","","","鱼糕今天困了没",1737724815,"真准吧"
"","","","","鱼糕今天困了没",1737724793,"好开！"
"","","","","鱼糕今天困了没",1737650699,"小花花怎么不算花束呢"
"","","","","鱼糕今天困了没",1737650451,"吃午饭去了"
"","","","","鱼糕今天困了没",1737650429,"没事 过两天播了再说吧"
"","","","","鱼糕今天困了没",1737650364,"坏了 今天最后一天优惠续提"
"","","","","鱼糕今天困了没",1737552991,"上个提督看看实力[花]"
"","","","","鱼糕今天困了没",1737380128,"早 诺"
"","","","","鱼糕今天困了没",1737310410,"再送攒不出提督了👉👈"
"","","","","鱼糕今天困了没",1737310382,"wwwwww"
"","","","","鱼糕今天困了没",1737310375,"我"
"","","","","鱼糕今天困了没",1737307354,"我睡到早上十一点"
"","","","","鱼糕今天困了没",1737307271,"狗酱你说得对"
"","","","","鱼糕今天困了没",1737307082,"呜呜呜呜呜呜呜哇"
"","","","","鱼糕今天困了没",1737307075,"不喂了 伤心了"
"","","","","鱼糕今天困了没",1737302434,"才睡醒👉👈"
"","","","","鱼糕今天困了没",1737213607,"国区76 加区26刀约合150+ 我勒个高价区"
"","","","","鱼糕今天困了没",1737213377,"这是 什么 游戏"
"","","","","鱼糕今天困了没",1737213240,"这是狗酱在播吗"
"","","","","鱼糕今天困了没",1737039315,"我早上10点"
"","","","","鱼糕今天困了没",1737039311,"13个小时"
"","","","","鱼糕今天困了没",1737038130,"爽听[花]"
"","","","","鱼糕今天困了没",1737038091,"20"
"","","","","鱼糕今天困了没",1737037666,"求团团代播"
"","","","","鱼糕今天困了没",1737037018,"再来点人点点歌[比心]"
"","","","","鱼糕今天困了没",1736778003,"我想回顾"
"","","","","鱼糕今天困了没",1736777996,"请切片 谢谢"
"","","","","鱼糕今天困了没",1736777989,"包的"
"","","","","鱼糕今天困了没",1736777051,"才发现是蓝毛诺 好耶"
"","","","","鱼糕今天困了没",1736533277,"诺说还要再加"
"","","","","鱼糕今天困了没",1736532982,"你也可以网页直接掐"
"","","","","鱼糕今天困了没",1736532965,"给授权码谁都能播"
"","","","","鱼糕今天困了没",1736516154,"也就3456789个吧 不多[花]"
"","","","","鱼糕今天困了没",1736444417,"满足了"
"","","","","鱼糕今天困了没",1736444414,"刚来就听到这么炸裂的东西"
"","","","","鱼糕今天困了没",1736186150,"我这边的温度"
"","","","","鱼糕今天困了没",1736186125,"-10体感-19纯种老冰棍啊"
"","","","","鱼糕今天困了没",1736186109,"刚上完今天的课"
"","","","","鱼糕今天困了没",1736174559,"以前会"
"","","","","鱼糕今天困了没",1736173646,"还可以吧 鱼豆腐那种感觉"
"","","","","鱼糕今天困了没",1736173603,"吃人啦 呜呜呜"
"","","","","鱼糕今天困了没",1736173534,"把鱼糕吃了 能吃一整年"
"","","","","鱼糕今天困了没",1736172250,"吃吃吃 都多吃点"
"","","","","鱼糕今天困了没",1736172237,"吃！"
"","","","","鱼糕今天困了没",1736171827,"morgana牌闹钟 “那么先睡觉吧”"
"","","","","鱼糕今天困了没",1736171791,"我都是声音大一点的东西在耳边炸一下就醒了"
"","","","","鱼糕今天困了没",1736170274,"速报我今天10点上课"
"","","","","鱼糕今天困了没",1736097091,"羡慕猫猫"
"","","","","鱼糕今天困了没",1736097086,"哦哦哦哦哦哦！可爱"
"","","","","鱼糕今天困了没",1736097000,"我伤心"
"","","","","鱼糕今天困了没",1736096992,"坏了 学校食堂煮史了"
"","","","","鱼糕今天困了没",1736096878,"草"
"","","","","鱼糕今天困了没",1736096118,"要看"
"","","","","鱼糕今天困了没",1736096105,"我早上11点多肯定在玩啊"
"","","","","鱼糕今天困了没",1736096035,"我在别的地方看见过30的紫色"
"","","","","鱼糕今天困了没",1736096021,"29还是30吧"
"","","","","鱼糕今天困了没",1736081930,"虽然不算喜欢奥村 但是她有钱 咳咳（"
"","","","","鱼糕今天困了没",1736081892,"我不到啊 就 睡不着了"
"","","","","鱼糕今天困了没",1735918133,"呜哇"
"","","","","鱼糕今天困了没",1735915832,"啧 太搞了"
"","","","","鱼糕今天困了没",1735914534,"冷死了 谁家好人-3体感-15"
"","","","","鱼糕今天困了没",1735914312,"（（（"
"","","","","鱼糕今天困了没",1735913995,"她外接的麦还是用的手机"
"","","","","鱼糕今天困了没",1735913975,"不到啊"
"","","","","鱼糕今天困了没",1735912848,"过会儿回来"
"","","","","鱼糕今天困了没",1735912835,"你说的对 那我买回来吃"
"","","","","鱼糕今天困了没",1735911153,"应该8个我只有6个"
"","","","","鱼糕今天困了没",1735911146,"坏了 我p5r支线任务丢了"
"","","","","鱼糕今天困了没",1735908467,"看看🦵"
"","","","","鱼糕今天困了没",1735908446,"幽言打个sc喜提让诺骂你[花]"
"","","","","鱼糕今天困了没",1735881710,"我家猫猫不给一直摸 摸多了她还急"
"","","","","鱼糕今天困了没",1735881626,"好可爱的猫猫"
"","","","","鱼糕今天困了没",1735847141,"看你直播这么多次怎么没听过你说话"
"","","","","鱼糕今天困了没",1735833655,"润了 退房去学校宿舍了"
"","","","","鱼糕今天困了没",1735828902,"想要to签👉👈"
"","","","","鱼糕今天困了没",1735828895,"那我喂个别的一样的能行吗"
"","","","","鱼糕今天困了没",1735828422,"我天天就馋这口"
"","","","","鱼糕今天困了没",1735828410,"红油抄手可以"
"","","","","鱼糕今天困了没",1735827789,"四舍五入我也去过漫展了"
"","","","","鱼糕今天困了没",1735827777,"[花]"
"","","","","鱼糕今天困了没",1735827773,"你可以cos鱼糕 因为没有人见过鱼糕"
"","","","","鱼糕今天困了没",1735826733,"吃了经典白人饭 花生酱三明治（笑"
"","","","","鱼糕今天困了没",1735668453,"雨诺好好吃饭～"
"","","","","鱼糕今天困了没",1735668156,"该凑整了"
"","","","","鱼糕今天困了没",1735666669,"我才发现只有我的舰长是1980"
"","","","","鱼糕今天困了没",1735666348,"甚至是想去按摩店吗 正经吗"
"","","","","鱼糕今天困了没",1735665733,"凑整！2点！（"
"","","","","鱼糕今天困了没",1735661111,"我要看我要看（"
"","","","","鱼糕今天困了没",1735659413,"iphone勿扰一开谁也打不进来[花]"
"","","","","鱼糕今天困了没",1735659013,"我每次一玩严阵以待电脑就要出事 玩别的都行"
"","","","","鱼糕今天困了没",1735658760,"诶所以恩狗和狗酱是一个人还是两个人（sry"
"","","","","鱼糕今天困了没",1735657910,"我都不记得我看多久了 可能19年看的？"
"","","","","鱼糕今天困了没",1735657189,"可怜诺"
"","","","","鱼糕今天困了没",1735656727,"[喝彩][喝彩][喝彩][喝彩][喝彩][喝彩][喝彩][喝彩]"
"","","","","鱼糕今天困了没",1735656719,"哈哈哈哈哈哈哈哈哈"
"","","","","鱼糕今天困了没",1735656446,"《学新闻学的》"
"","","","","鱼糕今天困了没",1735655781,"太有审核了"
"","","","","鱼糕今天困了没",1735655763,"哦？"
"","","","","鱼糕今天困了没",1735652896,"我要是能线下跟诺跨年我能笑醒"
"","","","","鱼糕今天困了没",1735652861,"到日本为什么要倒时差（（"
"","","","","鱼糕今天困了没",1735652480,"[花]"
"","","","","鱼糕今天困了没",1735650662,"正在和诺吃一模一样的早餐"
"","","","","鱼糕今天困了没",1735572289,"哈哈哈哈哈哈哈哈草"
"","","","","鱼糕今天困了没",1735572211,"肯定长"
"","","","","鱼糕今天困了没",1735572203,"几乎飞半圈了"
"","","","","鱼糕今天困了没",1735571747,"机上wifi害得"
"","","","","鱼糕今天困了没",1735571739,"我勒个看3秒卡5秒啊 润了"
"","","","","鱼糕今天困了没",1735571623,"oi"
"","","","","鱼糕今天困了没",1735569936,"我把persona补齐了"
"","","","","鱼糕今天困了没",1735569778,"前面打一半没打了后面找朋友一起全成就的"
"","","","","鱼糕今天困了没",1735569757,"双人成行好玩的"
"","","","","鱼糕今天困了没",1735569174,"先yvr 再yyz 第二天ykf"
"","","","","鱼糕今天困了没",1735569134,"不知道 头上顶个我的id牌子…？（好怪"
"","","","","鱼糕今天困了没",1735568038,"甚至是$100 stream那种月卡[委屈]"
"","","","","鱼糕今天困了没",1735567842,"飞机上有人吃泡面 好馋 谁懂"
"","","","","鱼糕今天困了没",1735484559,"[花]"
"","","","","鱼糕今天困了没",1735484552,"心满意足 明天还要赶飞机 眯！"
"","","","","鱼糕今天困了没",1735483622,"团！摸摸！"
"","","","","鱼糕今天困了没",1735483512,"[喝彩][喝彩][喝彩][喝彩][喝彩][喝彩][喝彩]"
"","","","","鱼糕今天困了没",1735483391,"也行[妙]"
"","","","","鱼糕今天困了没",1735483247,"结果很多年后我才知道那玩意是语法错误"
"","","","","鱼糕今天困了没",1735396269,"哦哦哦看到了 马上"
"","","","","鱼糕今天困了没",1735396246,"晚上好～"
"","","","","鱼糕今天困了没",1735395668,"舰长可以成为雨诺的玩具吗 好怪"
"","","","","鱼糕今天困了没",1735347144,"oi vida"
"","","","","鱼糕今天困了没",1735315896,"困困 眯眯[花]"
"","","","","鱼糕今天困了没",1735315676,"鱼糕弹幕姬临时返场～"
"","","","","鱼糕今天困了没",1735315651,"谢谢泡沫玻璃车的50个盲盒～"
"","","","","鱼糕今天困了没",1735315280,"对面应该没开麦"
"","","","","鱼糕今天困了没",1735315191,"在？来个奇遇？"
"","","","","鱼糕今天困了没",1735315105,"呜哇哇哇[委屈]"
"","","","","鱼糕今天困了没",1735315079,"不平衡"
"","","","","鱼糕今天困了没",1735314791,"我喂了一万年喂到的30级 慕了"
"","","","","鱼糕今天困了没",1735314688,"谢谢泡沫玻璃车的好多个盲盒"
"","","","","鱼糕今天困了没",1735314472,"机场72分钟逛啥去了（"
"","","","","鱼糕今天困了没",1735314379,"银卡2w5起步"
"","","","","鱼糕今天困了没",1735314359,"我今年就1w8"
"","","","","鱼糕今天困了没",1735314348,"加航得一年飞10w英里"
"","","","","鱼糕今天困了没",1735314338,"白金咋搞难的很"
"","","","","鱼糕今天困了没",1735313738,"是的喵"
"","","","","鱼糕今天困了没",1735313718,"飞一整天～"
"","","","","鱼糕今天困了没",1735313710,"30号走"
"","","","","鱼糕今天困了没",1735313696,"ooooooooooooi"
"","","","","鱼糕今天困了没",1735313688,"哦？抓到我了"
"","","","","鱼糕今天困了没",1735312115,"老板糊涂啊"
"","","","","鱼糕今天困了没",1735312108,"嗯？"
"","","","","鱼糕今天困了没",1735268120,"早77"
"","","","","鱼糕今天困了没",1735230624,"满屏我的弹幕"
"","","","","鱼糕今天困了没",1735230616,"很难绷"
"","","","","鱼糕今天困了没",1735230612,"有的时候主播会重复收到两三次"
"","","","","鱼糕今天困了没",1735230603,"哦我的弹幕因为网卡"
"","","","","鱼糕今天困了没",1735139058,"等级不够好像不出雪宝"
"","","","","鱼糕今天困了没",1735139045,"这个圣诞树是不是要垫刀啊"
"","","","","鱼糕今天困了没",1735137205,"我也没看着"
"","","","","鱼糕今天困了没",1734958885,"[花]"
"","","","","鱼糕今天困了没",1734958873,"哦哦哦哦哦诺好好看点cos"
"","","","","鱼糕今天困了没",1734882577,"礼貌问主包可以看看内搭吗[花]"
"","","","","鱼糕今天困了没",1734880869,"坏了 打完p5r再来到下播时间了"
"","","","","鱼糕今天困了没",1734856821,"77下午好[花]"
"","","","","鱼糕今天困了没",1734532925,"关注狮桉好运加持"
"","","","","鱼糕今天困了没",1734532916,"oi"
"","","","","鱼糕今天困了没",1734489183,"77早上好～"
"","","","","鱼糕今天困了没",1734269160,"宝你得给我发一条消息我才能发 有限制"
"","","","","鱼糕今天困了没",1734019313,"那不用打了"
"","","","","鱼糕今天困了没",1734019302,"嗯？"
"","","","","鱼糕今天困了没",1734019269,"那不急 再等等"
"","","","","鱼糕今天困了没",1734019247,"100？"
"","","","","鱼糕今天困了没",1734019232,"现在绝杀要多少"
"","","","","鱼糕今天困了没",1734019185,"无敌了"
"","","","","鱼糕今天困了没",1734019182,"28个小时没睡"
"","","","","鱼糕今天困了没",1734019177,"喝了杯拿铁"
"","","","","鱼糕今天困了没",1734018846,"人 捏"
"","","","","鱼糕今天困了没",1734018841,"经常十连爆俩"
"","","","","鱼糕今天困了没",1734018826,"我好像十几个"
"","","","","鱼糕今天困了没",1734018790,"我记得是新台币吧"
"","","","","鱼糕今天困了没",1734017303,"？对吗 不对"
"","","","","鱼糕今天困了没",1734017253,"有点想念330了"
"","","","","鱼糕今天困了没",1734017225,"[喝彩]"
"","","","","鱼糕今天困了没",1734016067,"电动摩托要"
"","","","","鱼糕今天困了没",1734015875,"她说def"
"","","","","鱼糕今天困了没",1734015746,"就是满的"
"","","","","鱼糕今天困了没",1734015736,"然后在换领"
"","","","","鱼糕今天困了没",1734015577,"好笑"
"","","","","鱼糕今天困了没",1734015571,"国内c2"
"","","","","鱼糕今天困了没",1734015566,"我国外约等于c1c6d"
"","","","","鱼糕今天困了没",1734015511,"我在加拿大有证啊"
"","","","","鱼糕今天困了没",1733922678,"我日常俩行李交100$"
"","","","","鱼糕今天困了没",1733922666,"就是免费托运升舱啥的"
"","","","","鱼糕今天困了没",1733922653,"frequent traveler"
"","","","","鱼糕今天困了没",1733922638,"有个孩子35k又没了"
"","","","","鱼糕今天困了没",1733666788,"有内鬼"
"","","","","鱼糕今天困了没",1733666757,"哦？"
"","","","","鱼糕今天困了没",1733666672,"我要去对面了雨诺[花]"
"","","","","鱼糕今天困了没",1733630220,"忘的快得很"
"","","","","鱼糕今天困了没",1733629842,"那个好喝"
"","","","","鱼糕今天困了没",1733629835,"之前是不是哪家做过苹果肉桂拿铁"
"","","","","鱼糕今天困了没",1733552527,"[喝彩][喝彩][喝彩][喝彩][喝彩][喝彩][喝彩][喝彩]"
"","","","","鱼糕今天困了没",1733551366,"oi[喝彩]oi[喝彩]oi[喝彩]oi[喝彩]"
"","","","","鱼糕今天困了没",1733551277,"可爱捏"
"","","","","鱼糕今天困了没",1733551024,"好[比心]"
"","","","","鱼糕今天困了没",1733551007,"听过"
"","","","","鱼糕今天困了没",1733550937,"我jpop复合体 你选[花]"
"","","","","鱼糕今天困了没",1733491684,"食堂的饭好贵 2.79刀100克"
"","","","","鱼糕今天困了没",1733491666,"呜哇我也想吃 我好饿好饿好饿"
"","","","","鱼糕今天困了没",1733491479,"大能苗"
"","","","","鱼糕今天困了没",1733489637,"冰一下丝滑喵"
"","","","","鱼糕今天困了没",1733489624,"百利甜好喝喵"
"","","","","鱼糕今天困了没",1733412764,"想抢狐宝的火锅吃"
"","","","","鱼糕今天困了没",1733411252,"喜欢听歌点点关注哦~"
"","","","","鱼糕今天困了没",1733408961,"你选[花]"
"","","","","鱼糕今天困了没",1733408957,"都可以[花]"
"","","","","鱼糕今天困了没",1733408933,"那要不你找个n-buna的都行"
"","","","","鱼糕今天困了没",1733408876,"Orangestar可以吗（"
"","","","","鱼糕今天困了没",1733408796,"[花]"
"","","","","鱼糕今天困了没",1733408415,"刚刚说再点400"
"","","","","鱼糕今天困了没",1733234739,"[喝彩][喝彩][喝彩][喝彩][喝彩][喝彩][喝彩]"
"","","","","鱼糕今天困了没",1733234584,"[2020拜年祭_期待]"
"","","","","鱼糕今天困了没",1733234580,"都可以 你选一首"
"","","","","鱼糕今天困了没",1733150907,"好看[比心]"
"","","","","鱼糕今天困了没",1732986976,"作业 定格动画那种"
"","","","","鱼糕今天困了没",1732986953,"不躺了 剪视频去了 还有两天要交了"
"","","","","鱼糕今天困了没",1732986786,"捏捏小脸"
"","","","","鱼糕今天困了没",1732986698,"这对吗 这对吗"
"","","","","鱼糕今天困了没",1732986676,"灯神！"
"","","","","鱼糕今天困了没",1732985921,"看给孩子开心的"
"","","","","鱼糕今天困了没",1732985908,"哟？"
"","","","","鱼糕今天困了没",1732985847,"刷卡"
"","","","","鱼糕今天困了没",1732985845,"加3%外币转换费"
"","","","","鱼糕今天困了没",1732900087,"加班！"
"","","","","鱼糕今天困了没",1732900078,"加班！"
"","","","","鱼糕今天困了没",1732899514,"诺宝不会绑架我吧[委屈]"
"","","","","鱼糕今天困了没",1732899415,"草"
"","","","","鱼糕今天困了没",1732897530,"凑整！凑整！凑整！"
"","","","","鱼糕今天困了没",1732897520,"加班！加班！加班！"
"","","","","鱼糕今天困了没",1732897078,"德里"
"","","","","鱼糕今天困了没",1732896498,"这回下午剪视频有的听了（"
"","","","","鱼糕今天困了没",1732895424,"坏了 没看懂"
"","","","","鱼糕今天困了没",1732895197,"嗷呜 好看"
"","","","","鱼糕今天困了没",1732718826,"oi 诺！"
"","","","","鱼糕今天困了没",1732640814,"喵呜～～"
"","","","","鱼糕今天困了没",1732640557,"那也太好笑了 你跟他们说搞快点 这么慢干"
"","","","","鱼糕今天困了没",1732640389,"谁家热水壶开了（"
"","","","","鱼糕今天困了没",1732640377,"wow"
"","","","","鱼糕今天困了没",1732640060,"没有人类的声音吗 有点猎奇了"
"","","","","鱼糕今天困了没",1732639952,"*5.3"
"","","","","鱼糕今天困了没",1732639938,"往返3000cad"
"","","","","鱼糕今天困了没",1732639903,"我明年四月放假才去旅游呢 这个太短了不去"
"","","","","鱼糕今天困了没",1732639889,"还有两周"
"","","","","鱼糕今天困了没",1732639768,"喵呜"
"","","","","鱼糕今天困了没",1732639758,"喵呜"
"","","","","鱼糕今天困了没",1732461772,"我喜欢你墨柒"
"","","","","鱼糕今天困了没",1732461619,"bobibobibo"
"","","","","鱼糕今天困了没",1732461034,"我四月还去演唱会 买买买！"
"","","","","鱼糕今天困了没",1732461019,"哦但是我妈不管我买真夜中周边"
"","","","","鱼糕今天困了没",1732116410,"那个烟为什么能弹回来的"
"","","","","鱼糕今天困了没",1732116392,"无敌了"
"","","","","鱼糕今天困了没",1732116302,"笑了"
"","","","","鱼糕今天困了没",1732116235,"主播为什么不读评论"
"","","","","鱼糕今天困了没",1732116220,"四了"
"","","","","鱼糕今天困了没",1732116148,"好雷"
"","","","","鱼糕今天困了没",1732116098,"你好 牢pt"
"","","","","鱼糕今天困了没",1731778375,"帅pt"
"","","","","鱼糕今天困了没",1731778289,"pt r u human？"
"","","","","鱼糕今天困了没",1731778208,"主播今天是人类吗"
"","","","","鱼糕今天困了没",1731766083,"我喜欢你"
"","","","","鱼糕今天困了没",1731762563,"现实生活是什么（[妙]"
"","","","","鱼糕今天困了没",1731596427,"不是你真会啊"
"","","","","鱼糕今天困了没",1731596415,"？？？？"
"","","","","鱼糕今天困了没",1731596263,"草"
"","","","","鱼糕今天困了没",1731419643,"其实没得选 预制肉饼+松饼"
"","","","","鱼糕今天困了没",1731418029,"好耶！蓝毛诺！"
"","","","","鱼糕今天困了没",1731334625,"00后那没跟我差多少（"
"","","","","鱼糕今天困了没",1731333870,"哦我们还有s*x toy介绍"
"","","","","鱼糕今天困了没",1731333705,"[哇][哇]"
"","","","","鱼糕今天困了没",1731333698,"好的 连主包一起拐走"
"","","","","墨柒voI",1731250759,"叫橘喵喵的喵"
"","","","","墨柒voI",1731250636,"鱼糕我喜欢你"
"","","","","鱼糕今天困了没",1731249391,"因为我qq没改（"
"","","","","鱼糕今天困了没",1731248016,"还是带一点 总感觉能用到"
"","","","","鱼糕今天困了没",1731247756,"拿个刀片划的吗放内袋"
"","","","","鱼糕今天困了没",1731247725,"但是当时用的不值钱无所谓（"
"","","","","鱼糕今天困了没",1731171180,"为什么不吃甜的为什么不吃甜的"
"","","","","鱼糕今天困了没",1731169715,"那兔子请支持我 谢谢（"
"","","","","鱼糕今天困了没",1731169665,"我要打工赚米的"
"","","","","鱼糕今天困了没",1731169657,"我没有长假期"
"","","","","鱼糕今天困了没",1731169315,"你就说是不是刷了吧"
"","","","","鱼糕今天困了没",1731169308,"咳咳"
"","","","","鱼糕今天困了没",1731169244,"当前余额1电池"
"","","","","鱼糕今天困了没",1731169235,"其实是不够"
"","","","","鱼糕今天困了没",1731169229,"关注狮桉好运加持"
"","","","","鱼糕今天困了没",1731088528,"草"
"","","","","鱼糕今天困了没",1731083586,"草"
"","","","","鱼糕今天困了没",1731083311,"熟悉的天花板（"
"","","","","鱼糕今天困了没",1731083302,"哦所以其实我看的时候诺宝已经在加拿大了"
"","","","","鱼糕今天困了没",1731072375,"manbo～"
"","","","","鱼糕今天困了没",1731071083,"许愿校长不是牢印"
"","","","","鱼糕今天困了没",1730901550,"雨诺akari的双胞胎妹妹[dog]"
"","","","","鱼糕今天困了没",1730901200,"没事 碎掉了线下真实主包拼起来"
"","","","","鱼糕今天困了没",1730898064,"老板糊涂啊"
"","","","","鱼糕今天困了没",1730898045,"！"
"","","","","鱼糕今天困了没",1730730315,"有加倍卡～"
"","","","","鱼糕今天困了没",1730390140,"在加东"
"","","","","鱼糕今天困了没",1730390061,"明天 我现在周四中午"
"","","","","鱼糕今天困了没",1730217656,"但我要走到2km外的教室去"
"","","","","鱼糕今天困了没",1730217646,"讲个笑话 我们今天雷暴 现在正在下"
"","","","","鱼糕今天困了没",1730217498,"*字正腔圆"
"","","","","鱼糕今天困了没",1730217493,"siri：给你讲个笑话 轰隆隆隆隆"
"","","","","鱼糕今天困了没",1730217416,"国区可能更晚"
"","","","","鱼糕今天困了没",1730217401,"12月地区测试 连gpt服务器"
"","","","","鱼糕今天困了没",1730217348,"siri快能chatgpt了"
"","","","","鱼糕今天困了没",1730216939,"周五没课了"
"","","","","鱼糕今天困了没",1730216934,"周五中午去"
"","","","","鱼糕今天困了没",1730216761,"除了贵都习惯（"
"","","","","鱼糕今天困了没",1730216750,"免费就是最好的"
"","","","","鱼糕今天困了没",1730216746,"还有免费晚餐免费零食免费饮料"
"","","","","鱼糕今天困了没",1730216734,"有的 我们宿舍也放"
"","","","","鱼糕今天困了没",1730216688,"然后大晚上去"
"","","","","鱼糕今天困了没",1730216683,"大体上是整个游乐场全部搞成万圣节题材"
"","","","","鱼糕今天困了没",1730216654,"不知道呢 第一次去"
"","","","","鱼糕今天困了没",1730216637,"过啊 我准备去多伦多搞点活动"
"","","","","鱼糕今天困了没",1730216620,"oi"
"","","","","鱼糕今天困了没",1730211972,"有没有神奇工具可以一秒变可爱女孩子"
"","","","","鱼糕今天困了没",1730210854,"只要一口很大就可以吃完一整个"
"","","","","鱼糕今天困了没",1730210836,"现烤的香 好吃好吃"
"","","","","鱼糕今天困了没",1730122498,"我草？"
"","","","","鱼糕今天困了没",1730121814,"这么早"
"","","","","鱼糕今天困了没",1729985147,"拜拜~啵啵~"
"","","","","鱼糕今天困了没",1729985097,"我问问我朋友"
"","","","","鱼糕今天困了没",1729985094,"疑似就是wonderland"
"","","","","鱼糕今天困了没",1729985055,"好像一直到2号"
"","","","","鱼糕今天困了没",1729985046,"多伦多有万圣节活动"
"","","","","鱼糕今天困了没",1729984898,"墨西哥 北美限定旅游目的地"
"","","","","鱼糕今天困了没",1729984804,"叶子可乐有点逆天了"
"","","","","鱼糕今天困了没",1729984795,"amazon有茶派 一瓶2$不到"
"","","","","鱼糕今天困了没",1729984599,"水"
"","","","","鱼糕今天困了没",1729984595,"捏捏"
"","","","","鱼糕今天困了没",1729984595,"肚肚可爱捏"
"","","","","鱼糕今天困了没",1729984562,"无糖会伤心"
"","","","","鱼糕今天困了没",1729984556,"有糖的喝了有动力写essay"
"","","","","鱼糕今天困了没",1729984539,"无糖nonono"
"","","","","鱼糕今天困了没",1729984354,"雨诺的小肚"
"","","","","鱼糕今天困了没",1729984302,"可乐按箱买便宜"
"","","","","鱼糕今天困了没",1729984274,"说中文+现金有折扣还不用给小费"
"","","","","鱼糕今天困了没",1729984256,"我们这边奶茶平均5$"
"","","","","鱼糕今天困了没",1729984026,"早7有点地狱"
"","","","","鱼糕今天困了没",1729984019,"真的不改吗（"
"","","","","鱼糕今天困了没",1729983993,"7点哦"
"","","","","鱼糕今天困了没",1729983931,"11.3 凌晨两点"
"","","","","鱼糕今天困了没",1729983871,"冬令时是什么"
"","","","","鱼糕今天困了没",1729983244,"4个挂件"
"","","","","鱼糕今天困了没",1729983237,"我宿舍有个人特别喜欢原 她一个背包4个挂"
"","","","","鱼糕今天困了没",1729983126,"qq发了"
"","","","","鱼糕今天困了没",1729983065,"他让我198"
"","","","","鱼糕今天困了没",1729983061,"以前上的单次舰现在上单次没168了吗"
"","","","","鱼糕今天困了没",1729982971,"去了个偏旁部首"
"","","","","鱼糕今天困了没",1729982903,"主包是申必擦桌男吗"
"","","","","鱼糕今天困了没",1729982602,"神奇东亚化身术"
"","","","","鱼糕今天困了没",1729982466,"纯正老冰棍"
"","","","","鱼糕今天困了没",1729982389,"真不知道"
"","","","","鱼糕今天困了没",1729982387,"印度人不怎么看漫展吧"
"","","","","鱼糕今天困了没",1729982279,"我觉得3多一点"
"","","","","鱼糕今天困了没",1729982240,"111"
"","","","","鱼糕今天困了没",1729982215,"没 学校有人扫 捡不着"
"","","","","鱼糕今天困了没",1729982165,"之前去的蒙特利尔 正好是红一半黄一半"
"","","","","鱼糕今天困了没",1729982030,"细说4i"
"","","","","鱼糕今天困了没",1729981904,"yo！"
"","","","","鱼糕今天困了没",1729873563,"Oi"
"","","","","鱼糕今天困了没",1729786899,"想念兔子玩球了"
"","","","","鱼糕今天困了没",1729786687,"嘤嘤嘤我五岁"
"","","","","鱼糕今天困了没",1729786466,"[吃瓜]"
"","","","","鱼糕今天困了没",1729786230,"oi"
"","","","","鱼糕今天困了没",1729532060,"？"
"","","","","鱼糕今天困了没",1729440029,"哈哈哈哈哈哈哈哈哈哈哈哈哈哈哈"
"","","","","鱼糕今天困了没",1729440017,"难绷"
"","","","","鱼糕今天困了没",1729438895,"nb"
"","","","","鱼糕今天困了没",1729357403,"润了 后面再来 我这边卡的不行"
"","","","","鱼糕今天困了没",1729357299,"我在火车上 网卡的很"
"","","","","鱼糕今天困了没",1729357250,"那我消失好了[委屈]"
"","","","","鱼糕今天困了没",1729355002,"喵呜"
"","","","","鱼糕今天困了没",1729354876,"oi"
"","","","","鱼糕今天困了没",1729093493,"银行卡余额刮干净的"
"","","","","鱼糕今天困了没",1729093478,"可能疑似也就剩300"
"","","","","鱼糕今天困了没",1729093468,"没有1380 99还是可以有的"
"","","","","鱼糕今天困了没",1729010039,"关注狮桉好运加持"
"","","","","鱼糕今天困了没",1729009459,"发我看看"
"","","","","鱼糕今天困了没",1729009457,"我没什么要求"
"","","","","鱼糕今天困了没",1729008829,"老板糊涂啊"
"","","","","鱼糕今天困了没",1729008735,"印度咖喱看起来像不明物体 别吃"
"","","","","鱼糕今天困了没",1729008700,"我们这边全是印度咖喱"
"","","","","鱼糕今天困了没",1729008691,"羡慕泰国咖喱"
"","","","","鱼糕今天困了没",1729008612,"投喂 精神支持*10"
"","","","","鱼糕今天困了没",1729008462,"[Liyuu收藏集_打call]"
"","","","","鱼糕今天困了没",1729008030,"传下去 主包威胁舰长啦"
"","","","","鱼糕今天困了没",1729007974,"速报 4.7%"
"","","","","鱼糕今天困了没",1729007785,"我起码得等12月往后了"
"","","","","鱼糕今天困了没",1729007746,"老板糊涂啊"
"","","","","鱼糕今天困了没",1729007101,"吃上早饭了 饿饿"
"","","","","鱼糕今天困了没",1729006890,"看看"
"","","","","鱼糕今天困了没",1728928282,"好可爱的猫猫"
"","","","","鱼糕今天困了没",1728923625,"山 我饿 哭哭 （这样可以吗"
"","","","","鱼糕今天困了没",1728923534,"美股赚了4%"
"","","","","鱼糕今天困了没",1728923064,"事不宜迟 山宝你给我刷一个吧"
"","","","","鱼糕今天困了没",1728923000,"我骗一个总督差不多能过活一个半月"
"","","","","鱼糕今天困了没",1728922973,"我请问怎么样能骗总督"
"","","","","鱼糕今天困了没",1728922930,"我有一个主意 让你房东播 你免费住"
"","","","","鱼糕今天困了没",1728922768,"我的妈"
"","","","","鱼糕今天困了没",1728922762,"好便宜"
"","","","","鱼糕今天困了没",1728922597,"捏捏也可爱捏"
"","","","","鱼糕今天困了没",1728921233,"[Liyuu收藏集_卖萌]"
"","","","","鱼糕今天困了没",1728921226,"如果cs的话 比赛几乎没有休赛期"
"","","","","鱼糕今天困了没",1728920702,"在呢在呢[花]"
"","","","","鱼糕今天困了没",1728920559,"什么时候还有铃铛的"
"","","","","鱼糕今天困了没",1728920551,"草"
"","","","","鱼糕今天困了没",1728919731,"宝～"
"","","","","鱼糕今天困了没",1728835352,"oi"
"","","","","鱼糕今天困了没",1728751063,"[花]"
"","","","","鱼糕今天困了没",1728751056,"后面几天随缘看"
"","","","","鱼糕今天困了没",1728751045,"明天可能来不了 在考驾照"
"","","","","鱼糕今天困了没",1728750995,"为什么今天是语音"
"","","","","鱼糕今天困了没",1728750972,"ok 记得了"
"","","","","鱼糕今天困了没",1728750943,"哈哈哈哈哈哈哈哈草"
"","","","","鱼糕今天困了没",1728750924,"是的我回来一趟"
"","","","","鱼糕今天困了没",1728750914,"爽"
"","","","","鱼糕今天困了没",1728750910,"准备跑去蒙特利尔玩"
"","","","","鱼糕今天困了没",1728750883,"再然后12.11-1.6"
"","","","","鱼糕今天困了没",1728750876,"这周感恩节放一周"
"","","","","鱼糕今天困了没",1728750826,"[委屈]"
"","","","","鱼糕今天困了没",1728750822,"没爱了吗"
"","","","","鱼糕今天困了没",1728750814,"？和谁结婚了"
"","","","","鱼糕今天困了没",1728400447,"[喝彩][喝彩][喝彩][喝彩][喝彩][喝彩][喝彩][喝彩][喝彩][喝彩][喝彩]"
"","","","","鱼诺akari",1728398193,"纯副歌"
"","","","","鱼诺akari",1728398189,"我有个同学upgrade坐过"
"","","","","鱼诺akari",1728398170,"the suite那种吗"
"","","","","鱼诺akari",1728225190,"挑战让诺宝骂我500句"
"","","","","鱼诺akari",1728050076,"收钱啊啊啊啊啊"
"","","","","鱼诺akari",1728050054,"想玩了"
"","","","","鱼诺akari",1728050052,"这么简单了吗"
"","","","","鱼诺akari",1728049282,"左眼不近视 右眼200"
"","","","","鱼诺akari",1728048825,"121212上烤架！啊啊啊啊小偷啊啊啊啊"
"","","","","鱼诺akari",1728047620,"oi"
"","","","","鱼诺akari",1727962968,"是被雨诺akari骂"
"","","","","鱼诺akari",1727962936,"红大王更喜欢了"
"","","","","鱼诺akari",1727961591,"还能不给全款吗"
"","","","","鱼诺akari",1727960989,"老板糊涂啊"
"","","","","鱼诺akari",1727960510,"这沙维码没有臭鸡蛋环节乐趣少了一半（"
"","","","","鱼诺akari",1727875800,"冰粉"
"","","","","鱼糕今天困了没",1727872041,"大王智慧再现玩到哪里了"
"","","","","鱼糕今天困了没",1727540714,"我先吃饭去了 下午还得写写画画"
"","","","","鱼糕今天困了没",1727540345,"0"
"","","","","鱼糕今天困了没",1727538566,"你说的对 但是塞尔达传说智慧的再现"
"","","","","鱼糕今天困了没",1726848242,"乖 咱下次念叨点贵的"
"","","","","鱼糕今天困了没",1726763548,"oi"
"","","","","鱼糕今天困了没",1726760201,"8"
"","","","","鱼糕今天困了没",1726751701,"这辈子没受过这么大委屈"
"","","","","鱼糕今天困了没",1726511731,"主播@你：点点赞支持一下吧"
"","","","","鱼糕今天困了没",1726511545,"我刚下课"
"","","","","鱼糕今天困了没",1726511539,"我滴妈 还在播啊"
"","","","","鱼糕今天困了没",1723487940,"有点创了"
"","","","","鱼糕今天困了没",1723487932,"？草"
"","","","","鱼糕今天困了没",1723487920,"眯了 看不动了 晚安"
"","","","","鱼糕今天困了没",1723487105,"[比心]"
"","","","","鱼糕今天困了没",1723487090,"你就更痛苦了"
"","","","","鱼糕今天困了没",1723487083,"这就仿佛是你亏了16%"
"","","","","鱼糕今天困了没",1723487075,"那你要这么想"
"","","","","鱼糕今天困了没",1723487026,"来俩兔子玩球吧"
"","","","","鱼糕今天困了没",1723486977,"8个月"
"","","","","鱼糕今天困了没",1723486972,"当前-3.29%"
"","","","","鱼糕今天困了没",1723486948,"我每天看亏钱都心疼"
"","","","","鱼糕今天困了没",1723486941,"心态真好"
"","","","","鱼糕今天困了没",1723486566,"包满足的"
"","","","","鱼糕今天困了没",1723486559,"懂了 给你发个红包 里面0.03"
"","","","","鱼糕今天困了没",1723486514,"都有 主打一个怪"
"","","","","鱼糕今天困了没",1723486475,"[dog][dog][dog]"
"","","","","鱼糕今天困了没",1723486471,"我给同学a钱的时候特别喜欢加个小数点"
"","","","","鱼糕今天困了没",1723486334,"别的也看过 看不懂每个动作要干啥"
"","","","","鱼糕今天困了没",1723486319,"我只看得明白cs和瓦"
"","","","","鱼糕今天困了没",1723486281,"a队打g2"
"","","","","鱼糕今天困了没",1723486275,"iem"
"","","","","鱼糕今天困了没",1723486248,"开场时间延迟到1:40的"
"","","","","鱼糕今天困了没",1723486239,"无敌了"
"","","","","鱼糕今天困了没",1723486237,"没 比赛没结束"
"","","","","鱼糕今天困了没",1723484119,"只不过牌子是直播间的 荣耀是全站的"
"","","","","鱼糕今天困了没",1723484108,"就是花了多少钱"
"","","","","鱼糕今天困了没",1723484049,"少爷大气"
"","","","","鱼糕今天困了没",1723483937,"直播间mvp：花花花桉"
"","","","","鱼糕今天困了没",1723483780,"好领带"
"","","","","鱼糕今天困了没",1723483773,"哦哟哟哟哟哟哟哟"
"","","","","鱼糕今天困了没",1723483478,"慕 全都慕"
"","","","","鱼糕今天困了没",1723483469,"广东好吃的也多"
"","","","","鱼糕今天困了没",1723483354,"好先进的食物 我被预制菜包围"
"","","","","鱼糕今天困了没",1723483212,"想拌饭"
"","","","","鱼糕今天困了没",1723483209,"看着就香啊"
"","","","","鱼糕今天困了没",1723483059,"所以能多少"
"","","","","鱼糕今天困了没",1723483048,"所以盲点的"
"","","","","鱼糕今天困了没",1723483006,"盲点个28"
"","","","","鱼糕今天困了没",1723482623,"令人感叹"
"","","","","鱼糕今天困了没",1723482614,"山没人追？"
"","","","","鱼糕今天困了没",1723482345,"我可没说啊 你自己猜的"
"","","","","鱼糕今天困了没",1723482311,"我负责准备袋子"
"","","","","鱼糕今天困了没",1723482295,"山喜欢什么颜色的麻袋"
"","","","","鱼糕今天困了没",1723482031,"有邮国际服务吗"
"","","","","鱼糕今天困了没",1723481872,"这是什么"
"","","","","鱼糕今天困了没",1723481854,"[妙]"
"","","","","鱼糕今天困了没",1723481846,"在？为什么用阳寿打牌？"
"","","","","鱼糕今天困了没",1723481466,"（"
"","","","","鱼糕今天困了没",1723481462,"111这里什么时候变成忏悔直播间了"
"","","","","鱼糕今天困了没",1723481212,"睡不着喵"
"","","","","鱼糕今天困了没",1723481207,"我倒是想早睡啊"
"","","","","鱼糕今天困了没",1723481194,"估计再有45分钟"
"","","","","鱼糕今天困了没",1723481183,"0.45am最后一场开打"
"","","","","鱼糕今天困了没",1723481175,"从9点多开始的好多场"
"","","","","鱼糕今天困了没",1723481145,"其实是因为有cs比赛没睡"
"","","","","鱼糕今天困了没",1723367616,"幽默"
"","","","","鱼糕今天困了没",1723220466,"老板大气！点点红包抽礼物"
"","","","","鱼糕今天困了没",1723219775,"老板大气！点点红包抽礼物"
"","","","","鱼糕今天困了没",1723219562,"老板大气！点点红包抽礼物"
"","","","","鱼糕今天困了没",1723137363,"晚安喵"
"","","","","鱼糕今天困了没",1723137360,"睡觉去了"
"","","","","鱼糕今天困了没",1723137356,"熬不住了"
"","","","","鱼糕今天困了没",1723136290,"可爱捏捏捏"
"","","","","鱼糕今天困了没",1723135305,"oi不给发了 频率过快 笑了"
"","","","","鱼糕今天困了没",1723135289,"oi～"
"","","","","鱼糕今天困了没",1723135278,"oi～"
"","","","","鱼糕今天困了没",1723054988,"？"
"","","","","鱼糕今天困了没",1723054179,"无敌"
"","","","","鱼糕今天困了没",1723053836,"喵呜"
"","","","","鱼糕今天困了没",1723053824,"晚安喵"
"","","","","鱼糕今天困了没",1723053782,"20刀高速wifi票 说能看视频"
"","","","","鱼糕今天困了没",1723053759,"20级牌牌包是真爱粉的"
"","","","","鱼糕今天困了没",1723053738,"哈哈哈哈哈哈哈哈哈哈"
"","","","","鱼糕今天困了没",1723053715,"最速打卡传说"
"","","","","鱼糕今天困了没",1723053657,"我疑似还能在飞机上看你直播"
"","","","","鱼糕今天困了没",1723053624,"丸辣"
"","","","","鱼糕今天困了没",1723053601,"要不就玩一会儿停一会儿咯"
"","","","","鱼糕今天困了没",1723053591,"我查了 说是有 功率不好说"
"","","","","鱼糕今天困了没",1723053551,"有插座"
"","","","","鱼糕今天困了没",1723053523,"这样可以直接眯"
"","","","","鱼糕今天困了没",1723053517,"我准备全程玩15小时游戏"
"","","","","鱼糕今天困了没",1723053507,"我落地6pm"
"","","","","鱼糕今天困了没",1723053497,"草"
"","","","","鱼糕今天困了没",1723053388,"我也觉得这b概率有问题"
"","","","","鱼糕今天困了没",1723053376,"阿b服务器的天罚"
"","","","","鱼糕今天困了没",1723053250,"卡了"
"","","","","鱼糕今天困了没",1723053219,"兑外汇都不碰美股了"
"","","","","鱼糕今天困了没",1723053196,"美股是不可能碰的"
"","","","","鱼糕今天困了没",1723053155,"包的"
"","","","","鱼糕今天困了没",1723053135,"致敬传奇鱼糕美股暴亏52%"
"","","","","鱼糕今天困了没",1723053077,"你醒啦～现在已经是女孩子了哦～"
"","","","","鱼糕今天困了没",1723052949,"那来个七夕吧"
"","","","","鱼糕今天困了没",1723052940,"感觉奇遇真比七夕靠谱"
"","","","","鱼糕今天困了没",1723052924,"[dog]"
"","","","","鱼糕今天困了没",1723052905,"你要吗我再来一个"
"","","","","鱼糕今天困了没",1723052856,"有人看乐子 有人照镜子"
"","","","","鱼糕今天困了没",1723052844,"笑了"
"","","","","鱼糕今天困了没",1723052792,"好健康的饮食"
"","","","","鱼糕今天困了没",1723052765,"麦芽雪冷萃"
"","","","","鱼糕今天困了没",1723052719,"爽喝"
"","","","","鱼糕今天困了没",1723052713,"*完全"
"","","","","鱼糕今天困了没",1723052710,"咖啡跟冰淇淋打一起玩去不能抗拒"
"","","","","鱼糕今天困了没",1723052686,"馋了"
"","","","","鱼糕今天困了没",1723052653,"眯不了一点"
"","","","","鱼糕今天困了没",1723052647,"但是下午喝了口咖啡"
"","","","","鱼糕今天困了没",1723052638,"其实困麻了"
"","","","","鱼糕今天困了没",1723052431,"[乐正绫_我可以]"
"","","","","鱼糕今天困了没",1723052421,"来个盲盒看看运气…？"
"","","","","鱼糕今天困了没",1723052330,"还行 后期刷满级有点坐牢"
"","","","","鱼糕今天困了没",1723052302,"全成就了"
"","","","","鱼糕今天困了没",1723052296,"我刚摸完三小时p5t"
"","","","","鱼糕今天困了没",1723052273,"估计是正好刷视频错过去了"
"","","","","鱼糕今天困了没",1723052265,"喔 我说怎么之前没刷到"
"","","","","鱼糕今天困了没",1723052243,"才播十几分钟吗"
"","","","","鱼糕今天困了没",1723052183,"oi"
"","","","","鱼糕今天困了没",1722964243,"晚安喵[比心]"
"","","","","鱼糕今天困了没",1722964167,"喜欢主播的可以上个舰长 有经典节目哦～"
"","","","","鱼糕今天困了没",1722963698,"谁都见不着谁"
"","","","","鱼糕今天困了没",1722963691,"基本上大家实习和学习的时间都是错开的"
"","","","","鱼糕今天困了没",1722963678,"我倒想找对象呢 不太现实"
"","","","","鱼糕今天困了没",1722963650,"笑不活了"
"","","","","鱼糕今天困了没",1722963608,"幸福不了一点 我们学校号称寡王"
"","","","","鱼糕今天困了没",1722963558,"没事 你直播对我就是中午"
"","","","","鱼糕今天困了没",1722963528,"我还有20天飞"
"","","","","鱼糕今天困了没",1722963362,"笑了"
"","","","","鱼糕今天困了没",1722963235,"这玩意纯有毒"
"","","","","鱼糕今天困了没",1722963218,"我一共就喂了三个 也全黑了"
"","","","","鱼糕今天困了没",1722963196,"毕竟金额小了点"
"","","","","鱼糕今天困了没",1722963186,"只能说七夕少亏一点"
"","","","","鱼糕今天困了没",1722963177,"心痛 真正的心痛 从来不是大吵大闹"
"","","","","鱼糕今天困了没",1722963119,"只有鱼糕受伤的世界达成了"
"","","","","鱼糕今天困了没",1722963107,"我两天黑6个盒子"
"","","","","鱼糕今天困了没",1722963039,"1111111111111"
"","","","","鱼糕今天困了没",1722963035,"不是一块儿进入梦乡吗"
"","","","","鱼糕今天困了没",1722963016,"111111111111"
"","","","","鱼糕今天困了没",1722963011,"1111111111111"
"","","","","鱼糕今天困了没",1722962981,"有点小困了"
"","","","","鱼糕今天困了没",1722962844,"不给500都不带看的"
"","","","","鱼糕今天困了没",1722962815,"20块？"
"","","","","鱼糕今天困了没",1722962784,"b站今年续约条件也是史"
"","","","","鱼糕今天困了没",1722962477,"无敌"
"","","","","鱼糕今天困了没",1722962474,"对面甚至在直播看封神榜吗"
"","","","","鱼糕今天困了没",1722962225,"怎么还背着我有孩子 伤心了"
"","","","","鱼糕今天困了没",1722962147,"我的头像也是猫猫 是我一个老师家里的"
"","","","","鱼糕今天困了没",1722962050,"我们还真有薯条 但是是肉汁cheese薯"
"","","","","鱼糕今天困了没",1722962033,"加拿大"
"","","","","鱼糕今天困了没",1722961999,"甚至没有别的拿手菜吗（"
"","","","","鱼糕今天困了没",1722961971,"鸡肉卷和新鲜贝果"
"","","","","鱼糕今天困了没",1722961962,"我这两天才得知 我们宿舍食堂特色菜是"
"","","","","鱼糕今天困了没",1722961568,"诶原来不是按照开户日结息吗"
"","","","","鱼糕今天困了没",1722961450,"我只是知道有不少单位13/14号发"
"","","","","鱼糕今天困了没",1722961439,"no idea"
"","","","","鱼糕今天困了没",1722961394,"这也没到月中啊（"
"","","","","鱼糕今天困了没",1722961370,"老板大气！点点红包抽礼物"
"","","","","鱼糕今天困了没",1722961221,"感觉盲盒不稳"
"","","","","鱼糕今天困了没",1722961215,"我想偷来着"
"","","","","鱼糕今天困了没",1722961130,"老板大气！点点红包抽礼物"
"","","","","鱼糕今天困了没",1722960935,"老板大气！点点红包抽礼物"
"","","","","鱼糕今天困了没",1722444099,"也是该眯了 明天还有麻将活动[花]"
"","","","","鱼糕今天困了没",1722443688,"[捂脸]"
"","","","","鱼糕今天困了没",1722443683,"我甚至忘了学校还有在线会没开"
"","","","","鱼糕今天困了没",1722443666,"其实今天也要眯的早"
"","","","","鱼糕今天困了没",1722443650,"前两天眯的早"
"","","","","鱼糕今天困了没",1722443575,"oi"
"","","","","鱼糕今天困了没",1722336848,"？"
"","","","","鱼糕今天困了没",1721930217,"kirakira"
"","","","","鱼糕今天困了没",1721930035,"那必须得墙裂支持了"
"","","","","鱼糕今天困了没",1721930021,"要唱歌了吗"
"","","","","鱼糕今天困了没",1721929133,"Oi"