rpid,timestamp,content
257891119713,1742930861,"ä»–è¦æ˜¯è¢«é­…é­”å¤œè¢­æˆ‘èº«ä¸Šæœ‰æ²™å¥ˆæœµåœ¨çˆ¬"
257584794881,1742616006,"å®½åº¦ä¹Ÿæœ‰ç‚¹éš¾è¯„ æœ‰ç‚¹æŒ¤ ä¸€æ—¦åˆ°äº†è¶…ç»å°±æ˜¾å¾—å¥½ç‰¹åˆ«å¤š"
257802875808,1742006008,"ä½ æ¥å—äº¬è¿™æ ·å¼€ä¸¤å¤©è¯•è¯• å¼€ç€è½¦æ¥çš„ é©¾é©¶è¯æ‰£äº†èµ°çš„"
254923533297,1739766641,"åŠ²å‘[å¾®ç¬‘][èƒœåˆ©]"
254828103393,1739672705,"å–æ°´å›žå¶é‡ç”µè„‘å£æ¸´ é›¨è¯ºæ‹¼å°½å…¨åŠ›æ— æ³•æˆ˜èƒœ"
253499955633,1738454212,"æˆ‘æ‰“å·¦ä¸‹æ˜¯æ­£å¸¸æ‰“ æ‰“å³ä¸‹å°±å˜æˆå·¦å³æ‰‹äº¤å‰æ‰“äº† è‚Œæ— åŠ›å·¦æ‰‹[ç¬‘å“­]"
253258154577,1738219217,"ç¿»è¯„è®ºåŒºå°±æ˜¯ä¸ºäº†æ‰¾ä½ çš„ æ»¡è¶³äº†"
251947729857,1737006657,"æƒ³ä½ ðŸ«±ðŸŒ¹ðŸ«°"
249863544992,1734349544,"è±ªåº­[æ‰“call]"
248765607105,1733668537,"å›žå¤ @å­œç„¶è“èŽ“Official :æ…¢å……è¯è´¹åŸºæœ¬ä¸Šè¯ˆéª—çš‡ç½‘è¯»åšçš„é’±å“ªé‡Œéƒ½æœ‰ ä¸­å¥–çŽ‡100^"
248432284081,1733321851,"æ¢ä¸€ä¸ªæ€è·¯3-0ä¿ä¸€ä¸ª0-3ä¿ä¸€ä¸ª é‚£ä¹ˆæ™‹çº§ç»„åªè¦ä¿3ä¸ª éƒ½æ˜¯å¯¹ä¸€åŠ"
248698710944,1733199732,"è¿™ä¸ªå«å¸¦åˆ†æ•° å·¦è¾¹ä¸€ä¸ªæ•´æ•°éƒ¨åˆ†å³è¾¹ä¸€ä¸ªåˆ†æ•°éƒ¨åˆ†ä¸å†™åŠ å· å°å­¦è¯¾æœ¬ä¸Šé¢æœ‰ ä½†ä¸æ€Žä¹ˆæœ‰äººç”¨"
248602204112,1733099846,"ä¸­äº†4/28-29çš„æŒ‡å®š[åƒç“œ]"
248602194976,1733099820,"æµ·å¤–pç¥¨æŠ½é€‰å—ä»˜æ˜¯åˆ†å¼€çš„ èµ°æµ·å¤–æ¸ é“å°±ä¸è¦åœ°å€"
248157946721,1733031925,"å›žå¤ @rachelhaycn :ä½ ä¸æä¾›cvvæ€Žä¹ˆæ‰£é’±å‘¢[ç¬‘å“­]"
247954542737,1732813193,"å…¶å®žæ˜¯ä¼ å¥‡ç‚¹å­èƒŒåˆºðŸðŸ­"
247489821440,1731973589,"åäº† è¿™å›žåœ¨çŽ°åœº"
246894945169,1731690582,"æŒ‚bçš„bhopå¸¦ä¸€ä¸ªå¾®å°çš„è¿…é€Ÿè½¬èº«è¹­åŠ é€Ÿä¸€æ ·çš„åŠ¨ä½œ åŠ é€Ÿä¹Ÿæ¯”è¿™ä¸ªå¿« å‡ ä¹Žç§’å¯åŠ¨çš„"
246890830385,1731686771,"æˆ‘è§‰å¾—è¿™ä¸ªè°±é¢å…¨æ¸¸ç¬¬äºŒéš¾"
246508797041,1731278501,"ztmyä¸Šytbé¦–é¡µæŽ¨äº† æ„ŸåŠ¨"
246338044529,1731090239,"æœ€å–œæ¬¢çš„ä¸€é›†[å–œæ¬¢]"
245984844608,1730419804,"è¿™ä¸ªæœºå­ç”šè‡³è¿˜æ˜¯å¡ç½‘çŽ‹ åˆ«çš„æœºå­å¥½ä½¿çš„æ—¶å€™ä»–æœ‰æ¦‚çŽ‡å¡ åˆ«äººå¡äº”åˆ†é’ŸåŠ è½½è¿›åŽ»äº†ä»–å¡åäº”äºŒååˆ†é’Ÿè¿žä¸ä¸ŠæœåŠ¡å™¨[ç¬‘å“­]"
244925830992,1729273278,"æœ‰ç‚¹çŒŽå¥‡äº†ðŸ¤¯"
243306171121,1727654485,"å›žå¤ @AlmondBlossom_ :æ¢äº†å°±çŸ¥é“äº† æ¢å®Œæ‰‹è…•åŽ‹åŠ›çˆ†å‡"
242627160913,1726847356,"ä¸¾æŠ¥äº†"
241373257969,1725497091,"[æ‰“call][æ‰“call][æ‰“call][æ‰“call]"
238704660272,1724033457,"å•Šï¼Ÿ"
237700974720,1723628205,"ä¸ä¼š+1"
236325179552,1723036314,"å›žå¾© @Fourz004 :NON*RJ 100.9916"
236325135712,1723036267,"ã‚¯ãƒ©ã‚¦ãƒ‰*RJ"
232587203056,1721471436,"å›žå¾© @å¯æ‚²çš„å°å“¥å¸ƒæž— :ä¸ä¸€æ ·çš„ å¤–å›½æ¸¸å®¢ç”¨çš„æ˜¯visaå’Œmastercardçš„emvåè®® ä¸æ˜¯å›½å†…çš„pboc ä¸å½±å“çš„"
232206081872,1721300935,"é‚£ä¼°è®¡å¾—å˜æˆèµ›åšå—‘è¯äº†"
228267191904,1719395835,"[æœªæ¥æœ‰ä½ _æ‰“call][æœªæ¥æœ‰ä½ _æ‰“call][æœªæ¥æœ‰ä½ _æ‰“call][æœªæ¥æœ‰ä½ _æ‰“call]"
228101837760,1719308677,"[æœªæ¥æœ‰ä½ _æ‰“call][æœªæ¥æœ‰ä½ _æ‰“call][æœªæ¥æœ‰ä½ _æ‰“call][æœªæ¥æœ‰ä½ _æ‰“call]"
226585586544,1718511660,"è‰ åŽŸæ¥é‚£ä¸ªå–Šacaneçš„æ˜¯ä½ "
226123539344,1718271509,"è¿™å›žæ˜¯çœŸåœ°é›·äº†"
225857134928,1718118501,"æŠ±æŠ±ï½ž"
225468858928,1717923071,"[ç»™å¿ƒå¿ƒ][ç»™å¿ƒå¿ƒ][ç»™å¿ƒå¿ƒ][ç»™å¿ƒå¿ƒ]"
223760123344,1716981844,"è‘—åä¼‘é—²æŒ‚å‹¾ æ²™äºŒå¿…çœ‹æ™¯ç‚¹ wang wang dog å½“ä½ çœ‹åˆ°è¿™ä¸ªidå‡ºçŽ°çš„æ—¶å€™ ä½ å°±çŸ¥é“è¿™æŠŠå·²ç»ç»“æŸäº†"
223242470368,1716694497,"å“Žå‘€å¼€äº†å°±æ˜¯å¼€äº†[ç¬‘å“­]"
222942651088,1716535975,"å›žå¾© @ä¸å°½é»„æ²³ :å¯ä»¥è‡ªå®šä¹‰çš„ vç¤¾è‡ªå¸¦çš„æŽ§åˆ¶å™¨è®¾ç½®å…è®¸ç›´æŽ¥ç»‘å®šæ¸¸æˆå†…æŒ‡ä»¤åˆ°æŸä¸ªæŒ‰é”®æˆ–æŒ‰é”®ç»„åˆä¸Šé¢"
222683588512,1716381148,"æœ‰ç‚¹å¤ªå¹½é»˜äº†"
222548462528,1716299901,"ðŸ˜ƒ"
222545972096,1716298981,"å¥½è€¶å¥½è€¶ðŸ¥³"
222038172144,1716026834,"[æ‰“call][æ‰“call][æ‰“call][æ‰“call][æ‰“call][æ‰“call][æ‰“call][æ‰“call][æ‰“call][æ‰“call][æ‰“call][æ‰“call]"
221324300160,1715618362,"è¿™ç§è¿‡æœŸå·çš„è‰²è°ƒæœ‰åŠžæ³•é€šè¿‡æ”¹å†²æ´—é…æ–¹ä¿®æ­£å— ä¹‹å‰æ‹è¿‡æœŸåè½¬ç‰‡çœŸçš„æ˜¯å¥½å¤šç´«åˆ°ç¦»è°±"
220767661488,1715333684,"å›žå¾© @å†°é™¶ :åŠç”»å¹…18mmä¹Ÿå°±ç­‰æ•ˆåˆ°24å·¦å³ ä½ å¯ä»¥å‚è€ƒä¸€ä¸‹åŒç„¦æ®µå›¾ç‰‡"
219932989024,1714842512,"è±ªå¾³ ç¬¬9æ¬¡äº†"
219658910160,1714712540,"é‡å¯é‡å¯å†é‡å¯ csgoæ—¶æœŸé—è€bug"
218845193360,1714238370,"[ç»™å¿ƒå¿ƒ]"
218354554928,1713963308,"å›¢æ€»å¿«ç‚¹å¥½èµ·æ¥[é…¸äº†] è¿˜åœ¨ç­‰ä½ å–Šä¸‹æ’­å‘¢"
217670901296,1713576533,"å›žå¾© @æ‹¾å¿†è²æž—_Elevanfilm :èƒ½è¹²ä¸ªrb67çš„å—"
217610676080,1713531768,"å›žå¾© @æˆ‘æœ€çˆ±2233 :æˆ‘è¿™æ­£å¥½æ˜¯å‡ºæ¥çŽ© é…’åº—æ—è¾¹æœ‰ä¸€å®¶æœºåŽ…æ‰€ä»¥æ‰“äº†ä¸€ä¸‹ ä¹‹åŽå°±å¾—ç»§ç»­å›½æœå’¯"
217604142848,1713529121,"å·²é˜… é™ªä¸¤å¼ æœ€æ–°æœ€çƒ­"
217187607104,1713276984,"[æœªæ¥æœ‰ä½ _çƒ­æƒ…]"
211229611328,1709725526,"ã€Šæ‡‚äº‹ã€‹"
210324298752,1709174078,"upå¯ä»¥è¯•ç€ä¸çœ‹ç”»é¢å¬ä¸‹ åœ¨æŽ‰åˆ°3.4é‚£é™„è¿‘æ‹çš„èŠ‚å¥æœ‰ç‚¹æ€¥äº† ç¥æ—©æ—¥å…‹æœå–å¾—é¸ŸåŠ "
206690013952,1707200318,"å›žå¾© @Allureæ¸©æ°´ :å·æŽ‰å°±æ˜¯2v3ï¼Œä½ æ›´å–œæ¬¢2v3è¿˜æ˜¯2v5å‘¢"
206655829904,1707187336,"å›žå¾© @çŽ‹å¤§å­¦å£«å‘€ :unratedçœŸæ— æ‰€è°“ ä½†å‡¡æ˜¯competitive5-8è¿™ä¹ˆæ‰“å¤§æ¦‚çŽ‡æ˜¯è¦è¢«å¼€éº¦äº†"
203982395792,1705721990,"å¥½é–‹ä¸€å€‹ ä¸€å€‹å¥½é–‹"
202719327120,1704975371,"Not the first time and probably not gonna be the last."
202258884592,1704701976,"å¯çˆ±çˆªçˆª"
202225989472,1704685294,"å›žå¾© @æˆ‘æ‹¿ä»€ä¹ˆè”æžå“Žå“Ÿ :æˆ‘æ˜¯csè¿‡æ¥çš„"
202206447888,1704673523,"å›žå¾© @æ­£åœ¨æŽ‰çº¿ä¸­ :æŽ§å›¾ æ‹¿ä¿¡æ¯ æ–­å‰åŽ‹ æ‰¾æœºä¼š"
201769331600,1704425050,"è¿™ä¹ˆå–œæ¬¢èµ¤çŸ³"
201383773760,1704189104,"ç“¦æ‰¹ï¼"
199884668816,1703319467,"å¥½å¥‡ä¸€ä¸‹ åŠ æ‹¿å¤§æ˜¯ä¸æ˜¯çŽ©ä¸äº†äºšå¤ªåŒºï¼ˆ"
198568724800,1702535282,"å›žå¤ @Hanzoä¸¶ä¸¶ :å¼•å¯¼çº¿ä¸‹æˆ–è€…å¹³å°å¤–äº¤æ˜“çš„ é’±ä¹Ÿåˆ°ä¸äº†ä½ æ‰‹ä¸Š"
197336515744,1701798420,"å›žå¤ @Y-NaZawsze-Y :æ¢äº†ä¸ª770 è¿˜æ²¡æµ‹å‘¢"
195158936240,1700454355,"502é…é‡å—æ‹‰æ»¡ 1200*0.3 æžè‡´çš„å¹²æ‹‰"
195158481792,1700454113,"æˆ‘çš„è·³ç‹™é£žäººå‘¢"
194538401488,1700053636,"å¥½åƒä¸æ˜¯åˆšå¼€å±€tkä¸ä¼šè¸¢"
194328833328,1699930196,"æˆ‘ç›´æŽ¥ç‚¹å®Œæ˜Ÿæ˜Ÿå¤´æ‰‹ç¦»å¼€æ˜Ÿæ˜Ÿå¼ºåˆ¶è·³ä¸€æ‹"
192927659744,1699090165,"å¤§é¤ï¼"
192874011216,1699064962,"æ€»ç®—çœ‹åˆ°ä¸€å®¶åƒè¿‡çš„äº† ç¡®å®žå¥½åƒ"
192314622784,1698713303,"çœŸçš„æ¥å— çœŸçš„æ¥å— 111111111"
191597811520,1698252943,"æ—§æ¡†ä½“åˆ·festivalâ€¦ï¼Ÿ"
191522607888,1698217656,"å›žå¤ @å¹¸è¿æœ¬è¿å–µ :å‘œå‘œ æˆ‘æ˜¯æ‚é±¼"
191401874752,1698137327,"100.495[ç¬‘å“­][ç¬‘å“­][ç¬‘å“­]"
191372100048,1698120303,"æŽ’é˜Ÿæžªæ¯™ï¼"
190460797184,1697537209,"ã‹ã¾ã¼ã“ã¯çŒ«ã«æ‹ã‚’ã™ã‚‹ã§ã—ã‚‡ã†ã‹#SUKI
æœ‰ç‚¹èœèœä¸€èµ·çŽ©å˜›"
190460841424,1697537195,"å›žå¤ @ä¸çŸ¥æ‰€æŽªçš„Boger :è‰ æˆ‘ä»¥å‰è¿˜çœŸæ˜¯è€³æœºæ’åäº† ç”¨çš„hifiåˆ†çº¿çš„ðŸ¤£"
190182198144,1697354779,"æˆ‘ç›´æŽ¥å¯¹ æˆ‘å¼€äº† ä¸¾æŠ¥å‘—"
190145031104,1697337623,"å›žå¤ @äºŒç„¶Error :æˆ‘å«‰å¦’ä½ çš„æ‰åŽï¼"
190105872880,1697299308,"è¿™ä¹ˆåŽ‰å®³ äº”ä¸ªå¦ˆå¦ˆ"
189733148800,1697079831,"æ³¥ã®åˆ†é™…ï¼šDoll Judgment100.5%åœ¨æˆ‘è¿™éƒ½ä¸å¥½ä½¿å—·ï¼Œ99%æ‹¿åŽ»[æœªæ¥æœ‰ä½ _SOS]"
188472651088,1696265148,"å›žå¤ @Yaddic :è‰ å‰æœŸé“ºåž«æœ‰ç‚¹é•¿ æ²¡é‚£ä¹ˆå®¹æ˜“æŠ“åˆ°"
188422760928,1696244792,"è¯´å®žè¯ æ²¡çœ‹æ‡‚æƒ³è¦è¯´ä»€ä¹ˆ"
188391660784,1696230217,"å›žå¤ @Må¤šé‡è‰²å½© :æˆ‘çš„è¯„ä»·æ˜¯æˆ‘æ‰‹æ‰“éƒ½æ¯”è¿™ä¸ªå‡† æˆ‘ä¹Ÿæ˜¯æŒ‚ï¼Ÿ"
188332958704,1696185407,"ä¸‰ç»´çŒ´ç²¾åº¦è¿˜å¯ä»¥çš„ ä¹‹å‰ç»™å°ç¯è®¾è®¡åº•åº§æ’è¿›åŽ»ä¸¥ä¸åˆç¼ä¸ç”¨èƒ¶æ°´"
188169355408,1696087974,"ç¦»è°± æˆ‘æ‰åˆ·çš„é¢‘è°±å›¾å’Œé¢‘çŽ‡è§£æ”¾"
188168449440,1696087568,"å¤è¿›ç°§å‡è½»äº† çœ‹çœ‹ç«žèµ›æžªå¾ˆå¤šè¿™ä¹ˆæ”¹çš„"
188145445808,1696078258,"åŽŸè£…å¤©çº¿æ”¶å—äº¬åŒºè°ƒæ–­æ–­ç»­ç»­çš„ ä¹Ÿå¬ä¸åˆ°é£žæœº åªèƒ½å¬å¡”å°"
186599915712,1695122453,"ç¬¬ä¸€æ˜¯æœ‰é«˜æ®µä½çš„äººä¸‹æ”¾ ç¬¬äºŒæ˜¯æŒ‚+è½¬"
186599796784,1695122393,"logitech g502 hero"
186550659152,1695096769,"æˆ‘å®¶fcä¸åˆ°96.5.jpg"
185963618624,1694735344,"å›žå¤ @SaRynUE4 :r301é™¤å¤– åžƒåœ¾é¢æ¿æŒ‚éƒ½ä¸ç”¨"
185958455024,1694726284,"çœ‹çœ‹æˆ‘çš„mirageå†²bæ•²å¤´fn57å§ æˆ‘è‡ªå·±éƒ½è§‰å¾—å¼€äº†[ç¬‘å“­]"
185653812016,1694525448,"å›žå¤ @åŒ—åŸŽå°¾å··èŒ¶å¾®å‡‰ :ç»· äººå®¶çˆ†çž„å¤´é¡¶ä¸æ‰“ äººå®¶æ‹‰äººè¿˜ä¸æ‰“ å†³èµ›åœˆæ”¾ç”µç½‘å°±ç®—äº† åœ°å¹³çº¿qå£°éŸ³ä¹Ÿå¬ä¸åˆ° çœŸæ²¡ç»™é’±å—"
185588630080,1694492813,"å›žå¤ @åŒ—åŸŽå°¾å··èŒ¶å¾®å‡‰ :ä¸å¾—ä¸æsafæ‰“çš„ä¹ŸçœŸç‹—å±Ž"
185464207248,1694409912,"å…‰è£ä¸Šé•œ æ„Ÿè°¢å¯¹æ”»å‡»åŠ›çš„è®¤å¯"
185183770992,1694244701,"ç¹ä½“ä¹Ÿå«å°å¸®æ‰‹"
184969366656,1694101400,"ZyUwu"
184734008368,1693962969,"csgo é€‰é¡¹ dlc å‹¾é€‰cs2 limited test"
183943216112,1693483668,"ç¤¾åŒºæœè‡ªå®šä¹‰"
182996030752,1693005959,"è¿™æŠŠçº¯æ˜¯åˆ›äºº æ‰“çš„èŠ‚å¥æ¯”è¾ƒå¿« åŸºæœ¬ä¸Šå°±æ˜¯çœ‹åˆ°äºº æ‰“äº† ä¸‹ä¸€ä½ å€’è¿˜å¥½[ç¬‘å“­]"
181512105152,1692294086,"å¯¹ä¸èµ· è¿™å›ž è¯´äº†å†è§ å°±æ€•æ˜¯å†ä¹Ÿä¸è§"
181324360064,1692209176,"r5-5700xæ ¸æ˜¾ç¨³å®šè¿è¡Œæ— åŽ‹åŠ›ðŸ‘"
181322266096,1692207667,"å±…ç„¶åŒæ—¶åœ¨ä¸€äºŒå°è§¦å‘äº†è€ç²‰è®¡åˆ’è¯¶ðŸ¥°"
181321798144,1692207355,"è¶…æ£’ï¼ï¼ï¼"
180080869520,1691647129,"ðŸ¤£"
179602635808,1691423015,"çœŸçš„åˆ·åˆ°äº†ç¬¬ä¸‰ä¸ª æ„ŸåŠ¨[æœªæ¥æœ‰ä½ _æ‰“call]"
179556337520,1691409152,"å“‡ è¿žç€åˆ·åˆ°ä¸¤ä¸ªupçš„è§†é¢‘è¯¶(à¹‘>Ø‚<à¹‘ï¼‰"
178441873344,1690914942,"ä»Šå¤©æˆ‘ä¹Ÿæ˜¯ å¼€ç®±å­ åˆšè¦æ‹¿åˆ°å¥–åŠ±å‰å‡ ç§’è¢«è¹²ç‚¹çš„ç‹™æ‰“æŽ‰äº† æœ‰åb"
176389496880,1690006549,"å‘å”®åŽupdateï¼šæœ‰ä¸ªæˆå°±æ˜¯10ç§’å†…å®Œæˆä¸€ä¸ªå…³å¡"
175956802912,1689793160,"çœ‹æ»¡ç¦»"
175822281680,1689741833,"å›žå¤ @é£Žè§ç™¾åˆé¸­ :å¯æ˜¯è§†é¢‘é‡Œé¢ä¸æ˜¯æ²¡ä¸Šæ¥å—"
175813479136,1689738868,"å¯ä¸å¯ä»¥tæŽ‰åŒ…ä¹‹åŽctæ‰”æŠŠæžªåœ¨åŒ…æ—è¾¹ ç„¶åŽå¼€æžªåˆ©ç”¨å­å¼¹çš„æ’žå‡»æŠŠåŒ…å¼„åˆ°æ¥¼ä¸‹åŽ»"
175652017504,1689660043,"å›žå¤ @Senmu_ :ç®€æ´æ˜Žäº†çš„å¥½å›žç­”ðŸ‘"
174970265008,1689334455,"èŽ²å® æˆ‘å¥½å–œæ¬¢ä½ å•Š ä¸ºäº†ä½  æˆ‘è¦åœ¨éœ“è™¹è·Ÿä½ è´´è´´[æ±é›ªè“®_æœŸå¾…]"
173706199728,1688728129,"å›žå¤ @æµªå­é‡Žè¾› :æ¯”åˆ†7:7 ç¬¬åäº”å±€æ€Žä¹ˆä¸æ˜¯æœ€ç»ˆå±€"
171855768704,1687771681,"ðŸ˜°"
171726965232,1687696379,"é‚£ä¸æˆäº† å“‡ upå¥½ç‰›ç‰›"
171392371104,1687524105,"å›žå¤ @é˜¿æµ·Alter :çŽ°åœ¨vacæš´åŠ›é”å°çš„å¿«å¤šäº† æ˜¨å¤©è§äº†ä¸€ä¸ªä»Šå¤©å·²ç»æ²¡äº†"
171390544400,1687523479,"éš¾ç»· 120ä¸ª 5ä¸ªholo 8ä¸ªglitter é€Ÿé€ŸæŠŠä½™é¢ç»™æˆ‘äºå®Œäº†"
170898652976,1687261453,"cy"
170587462896,1687079724,"ç»“å±€æ˜¯ä¸‹ä¸€æŠŠè¿žç‹™è¢«å¯¹é¢ä¸‰ä¸ªäººç¼´äº†"
169188967824,1686302020,"6"
168507848896,1685931823,"æ–°ä¹°äº†ä¸ªæ¸¸æˆè¿«ä¸åŠå¾…æƒ³è¦ä½“éªŒä¸€ä¸‹ ç»“æžœå…³äº†totkå°±è‡ªåŠ¨å‡çº§äº†æˆ‘å“­æ­»"
168339331280,1685836829,"æˆ‘åœ¨æ¾³é—¨ç›´æŽ¥ä¹°çš„ä¹Ÿæ²¡æœ‰logo"
167792650960,1685518636,"æˆ‘å·«å¸ˆä¸‰å­˜æ¡£ä»Žnsè½¬åˆ°steamä¹Ÿæ²¡è·³æ¯ ä¸ç†è§£"
164688289920,1683765820,"å›žå¤ @æŸè·¯è¿‡çš„è¨å°¼é“å¡” :èƒ½ å–å†³äºŽä½ æ˜¯å“ªä¸ªå·ž ä»¥åŠä½ æ˜¯ä»€ä¹ˆèº«ä»½
ä¸¾ä¸ªä¾‹å­ï¼šçº½çº¦å·žå¯ä»¥å…è®¸ç•™å­¦ç”Ÿå‡­å¤–å›½é©¾ç…§+å…¬è¯ç¿»è¯‘ä»¶æˆ–è€…æŠ¤ç…§å¼€è½¦"
162344091344,1682392546,"å›žå¤ @ç•Œå­™æƒçœŸå¼º :okkâ€†kâ€†kâ€†kâ€†oâ€†o"
162344080400,1682392531,"å›žå¤ @WYè´° :oâ€†oâ€†oâ€†jiâ€†jiâ€†o"
162343995136,1682392524,"æ²¡ç—…äº†å—å•¦å•¦å•¦å–µå–µ lâ€†lâ€†mâ€†lâ€†99â€†oâ€†o"
161623152992,1681983588,"æŒ‚ä¸ªå­˜æ¡£ 19:53"
161463856544,1681892775,"å›žå¤ @86ä¸Žå…”å­ :é‚£ä½ å±žäºŽæ˜¯è¿æ°”çˆ†äº†ðŸ¤•"
161085431632,1681657983,"æ¬¢è¿Žæ¥è¿žæœºæ¸¸æˆðŸ¥º"
160602483680,1681391139,"æ­å–œä½ é™Œç”Ÿäºº"
158996999424,1680442604,"or with others who understand"
158203976800,1679982879,"æƒ³æ¥æ°”çŽ©å–·åŽ» ç ´ç½‘åŠä¸ªå°æ—¶æŽ’ä¸è¿›åŽ» å¡æŽ‰äº†è¿˜æ‰£pt å¤©çŸ¥é“æˆ‘éª‚äº†å¤šä¹…"
155567826128,1678373187,"å¥½idï¼ˆå¤¸"
155357896416,1678249881,"éšæ¸¸æž«å¶ï¼"
155106454048,1678089328,"ä¸ºä»€ä¹ˆä¸å«ä¸‰æ‰¹"
142928392608,1671632527,"å‡ºç”Ÿå•Š"
139758571680,1669770358,"æˆ‘æœ‰çº¿è£¸è¿ž åŸºæœ¬éƒ½æ²¡æŽ‰"
138412394656,1668987290,"12wå¾—å‡ºçš„ç»“è®ºï¼š1363[ç¬‘å“­]"
137917265584,1668672730,"1363...è€ä»»æ˜¯æ‡‚åŠèƒƒå£çš„ï¼ˆ"
134572469600,1666439667,"å  v æ‡‚ï¼Ÿ"
132189823264,1664722299,"åˆè§ æŽ¨ åç­‰äºŒç•ªç›®æŠ•ç¨¿"
131146537120,1663953764,"æˆ‘çš„æœºå­æ˜¨å¤©åˆ°çš„ï¼Œç³»ç»Ÿæ˜¯.1"
129775790128,1662956688,"[2020æ‹œå¹´ç¥­_æœŸå¾…]"
127567711024,1661538260,"[æ±é›ªè“®_å¥½çƒ­][æ±é›ªè“®_å¥½çƒ­]"
127471459232,1661494155,"å¦‚æžœè¦æ˜¯å‡ºæ–°ç»“å±€è¦ä¸è¦ä¹°switchå‘¢ï¼ˆï¼Ÿï¼Ÿï¼Ÿ"
126908101232,1661171250,"èµ¶ç´§å¾€ä¸Šé¢åä¸€å£çƒŸ"
126322468720,1660842327,"å½¹æ»¡å†é«˜ ä¹Ÿæ€•æ–­å¹º"
126320057936,1660840826,"å¤ªå¯çˆ±å•¦ä¸œé›ªèŽ² å¤ªå¯çˆ±å•¦ ä¸ºäº†ä½  æˆ‘è¦åŽ»ä¹°ä½ çš„æŠ±æž• ä¹°ä½ çš„æŒ‚ç‰Œ_(â‰§âˆ‡â‰¦ã€âˆ )_"
125223470032,1660235827,"120æ ¼å¼ï¼"
125178948848,1660218801,"å›žå¤ @ä¸€åªæ “ :çœŸçš„ä¸ä¸€æ ·ï¼ˆè™½ç„¶ä¸çŸ¥é“æ˜¯ä¸æ˜¯ä½ å½•è§†é¢‘çš„çŠ¶æ€ä¸ä¸€æ ·å°±æ˜¯è¯´[tv_doge]"
125173984336,1660216915,"å®³å‘€å¬ä¸å‡ºæ¥æ˜¯ä½ äº†éƒ½"
123985135072,1659545782,"å›žå¤ @randdintel :æ›´æ­£ï¼šoniichan"
121954754720,1658464166,"å›žå¤ @æ™šå®‰--è¯—éŸ³ :å°çŸ¥è¯† æˆ˜äº‰æ—¶æœŸç”Ÿäº§çš„ç›¸æœºå’Œæš—ç›’åŠå…¶è€è‰¹ å°¼åº·å’ŒèŽ±å¡çš„æœºå­éƒ½æœ‰è¿‡è¢«å­å¼¹å‡»ä¸­è¿˜èƒ½æ­£å¸¸ä½¿ç”¨çš„æ¡ˆä¾‹"
120700694288,1657720895,"è‰"
120175565056,1657427670,"å›žå¤ @å°æ³½CMZ :å¥½å¥½å¥½ è°æ²¡äº‹éšèº«empå•Š empå®Œäº†ä¹Ÿä¸æ˜¯ä¸èƒ½ä¿®å¤"
120059683584,1657356033,"åŒä¸èƒ½éž­"
119112022096,1656760531,"ä¸å¯å‘é€å•ä¸ªè¡¨ç‚¹ç¬¦å·ï¼ˆï¼Ÿ"
118757955952,1656515899,"ä¸‡ä¸€å‘¢"
118455727120,1656318045,"96w9è·¯è¿‡"
117498225296,1655653559,"çœ¼é•œï¼"
116882093328,1655249474,"æ‚¨ï¼"
116784958656,1655181388,"å›žå¤ @æ³¢å¡å¸•é©¬ :ä¸äº†è§£ï¼Œä¸æ‰“å›½æ ‡"
116374437552,1654910520,"åè½¬ç‰‡åŽŸç†è·Ÿè¿™ä¸ªä¸ä¸€æ ·å§ï¼ˆå°å£°"
115636082816,1654400843,"å›žå¤ @åˆ˜å‘±å’Œå®ƒçš„èŠ±èŠ± :è¿˜çœŸæ˜¯ æœ‰çš„æ—¶å€™èƒ½è¿žä¸Š è¿˜æœ‰åŽé¢ä¸€æ®µå°è„‘è£‚ é™¤äº†è¿™ä¸¤æ®µæˆ‘ä¸€ç‚¹é—®é¢˜æ²¡æœ‰"
115625326432,1654394528,"å›žå¤ @åˆ˜å‘±å’Œå®ƒçš„èŠ±èŠ± :å¯ä»¥ æˆ‘ä¸»è¦æ˜¯ä¸­é—´æœ‰ä¸€æ®µäº¤äº’è¿‡ä¸åŽ»"
115621834608,1654392025,"å›žå¤ @åˆ˜å‘±å’Œå®ƒçš„èŠ±èŠ± :ä¸ä¸€å®šè·Ÿä½ rksæœ‰å…³ç³»ï¼Œæˆ‘14.47ç™½V"
115555343552,1654338069,"æ€Žä¹ˆè¯„ä»·é©±é­”å§å¦¹"
115506220464,1654310431,"æ‚¨"
115434063392,1654253094,"æœ‰è¿‡"
114823663280,1653826314,".ï¼Ÿ"
114654273744,1653723527,"å¤§ç”»å¹…é€šå…‰é‡ä¸ç­‰æ•ˆä¸€ä¸‹ï¼Ÿ"
114483356224,1653606382,"å›žå¤ @crocé”… :æˆ‘çŒœæ˜¯micro wav"
114124788304,1653347451,"é”™è¯¯çš„ï¼Œ1-7pæˆ–è€…3-9pæ˜¯å°è½¦è½®"
113889317664,1653182838,"å›žå¤ @çŸ³å¤´30 :å¥½ä¹…æ²¡çŽ©äº† çŽ°åœ¨å¸‚åœºæˆ‘ä¹Ÿä¸çŸ¥é“å’‹æ · tbå…ˆæœæœçœ‹å§"
113859292320,1653147595,"å›žå¤ @çŸ³å¤´30 :å°é£žæœºå¤§åŠŸçŽ‡ æ–°æ‰‹ç›´æŽ¥ä¸Šçš„è¯ è¦ä¸ç‚¸æœº è¦ä¸ç‚¸ä½ "
112314602416,1652080095,"é…±ç´«å‰ªï¼Ÿ"
112243392576,1652019265,"ä½†äººå®¶æƒ³æ‹¿ä»€ä¹ˆæœºå­æ‹ä»€ä¹ˆæ˜¯ä»–çš„äº‹ï¼Œä»»ä½•äººéƒ½æ²¡æœ‰èµ„æ ¼è¯„ä»·ï¼Œä¸èƒ½æŠ±ç€å…¨ç”»å¹…æŠ±ç€å¤å¤æ„Ÿè‡ªè®¤æ¸…é«˜ã€‚"
111869424176,1651761669,"dreamlandæ€§äº†å‡ åå›žäº†ï¼ˆrks14çš„è€»è¾±"
111745410976,1651673118,"14.06 90w"
111567444128,1651565044,"juué—´çš„mono"
111289137632,1651384738,"å›žå¤ @é™³æ€ç„¶Siran :è‡ªä¿¡ä¸€ç‚¹ æ”¹æˆé»‘ç™½çš„å°±æ˜¯æ£®å±±å¤§ä½œ"
110826224336,1651059564,"å›žå¤ @Estel_Guda :æˆ‘æ²¡è¯´ä¸å–å—· æˆ‘è¯´ä¸é™ä»·å—·"
110781771584,1651033935,"å›žå¤ @Estel_Guda :å¯¹å•Š ä½†æ˜¯ä¹°å®Œä¹Ÿä¸ç”¨é™ä»·å–å•Š"
110735531168,1650986467,"å›žå¤ @ä¼šé£žçš„è„†çš®é¸¡ :äºŽæ˜¯è€æ¿å«æ³ªèµšä½ 130"
110719555616,1650979217,"æœ‰ ä½†æ˜¯æ²¡é‚£ä¹ˆå¤¸å¼ "
110611110560,1650897091,"é™„è®®"
110601906144,1650892846,"å»ºè®®æ”¹æˆï¼šç¾Š æ¯› å‡º åœ¨ ç¾Š èº« ä¸Š"
110486339568,1650807312,"è¯•è¿‡å•¦ æ•ˆæžœä¸é”™çš„ é™¤äº†ä¹å‡¯ç‰‡åŸºæœ‰ä¸€ä¸ªå¸¦é¢œè‰²çš„é—®é¢˜ä»¥å¤–ä½œä¸ºåè½¬è¿˜æ˜¯æŒºåˆé€‚çš„"
110355506864,1650717958,"å›žå¤ @MSCä¸¶é‡‡è˜‘è‡çš„ç‘žå£«å· :æˆ‘çœ‹bbqè¯´åå‡ ä¸ª å®³æ€•æžäº†"
110333226768,1650706932,"å›žå¤ @MSCä¸¶é‡‡è˜‘è‡çš„ç‘žå£«å· :wsfw rksæ‰åˆ°13.87 é‚£å¤©åœ¨é£Ÿå ‚æ‰“igaè¢«åˆä¸­å°å­©é„™è§†äº†"
110314515632,1650696456,"æµ‡æˆ‘ï¼"
110250710624,1650642470,"å°±ä¹å‡¯è¿™ä¸ªç‰‡åŸº æˆ‘ä¹°çš„120å¾€ç‰‡èŠ¯é‡Œé¢ä¸Šçš„æ—¶å€™å°±æ—¶ä¸æ—¶çš„è„±ç¦»è½¨é“æˆ–è€…æŠ˜ä¸€ä¸‹ è¿˜å¥½ç”¨å¤šäº†çŽ°åœ¨æŽŒæ¡äº†æŠ€å·§æ‰æ²¡é‚£ä¹ˆå¯„"
110102661664,1650544583,"å®å­è¿™æ¸¸æˆç›˜ä¸æ€Žä¹ˆè´¬å€¼çš„[ç¬‘å“­]"
109693944608,1650254321,"å›žå¤ @è¿·èŒ«çš„85 :éƒ½æ˜¯æŒ‰æ•´å·[ç¬‘å“­]å°±ç®—åªæœ‰12å¼ ä½†æ˜¯æ²¡æœ‰åŠžæ³•å’Œåˆ«äººçš„å·æ‹¼ä¸€ç½å†²æ´—æ‰€ä»¥éƒ½æ˜¯æŒ‰ä¸€å·ç®—[ç¬‘å“­]"
109400333664,1650039888,"upè¿™ä¸ªç¿»è½¬çš„æ‰‹æ³•å…¶å®žæ˜¯å­˜åœ¨é—®é¢˜çš„ï¼Œä¸ºäº†å†²æ´—çš„æ›´åŠ å‡åŒ€ï¼Œè®©æ˜¾å½±æ¶²ä¸åŒéƒ¨åˆ†çš„ç‰©è´¨äº¤æ¢æ›´å……åˆ†ï¼Œå€’è½¬ç½ä½“æ—¶åº”180åº¦å€’è½¬ï¼Œè¿™ä¸€ç‚¹åœ¨æŸ¯è¾¾ä»¥åŠä¾å°”ç¦çš„æ–‡æ¡£ä¸­éƒ½æœ‰æåŠ"
108582475104,1649486332,"ç•ªèŒ„ç‚’è›‹çœŸä¸å¦‚é‡‘200 è‡³å°‘è¿˜æœ‰ä¸ªprofessionalçš„æ ‡ï¼ˆè™½ç„¶æˆ‘ä¸è®¤åŒ"
108045161296,1649124253,"å°çŸ¥è¯†ï¼šåœ¨windowsæºä»£ç ä¸­ç¡®å®žå­˜åœ¨è¿‡windows9çš„ä»£å· ç”šè‡³åˆ°çŽ°åœ¨è¿˜æœ‰ç›¸å…³æ³¨é‡ŠåŠæ–‡æ¡£ä¸­å­˜åœ¨windows9çš„æè¿°"
107862125280,1648993070,"å›žå¤ @ä¼šç¿»æ»šçš„å’©å’© :æ³£ã‹ãªã„ã§ã€ç§ã®æ‹å¿ƒ~"
107808044304,1648964816,"é¡¶ä½ ä¸ŠåŽ»"
106876093488,1648302763,"è®²ä¸ªç—›è‹¦çš„äº‹ï¼Œè¿™ä¸ªè§†é¢‘æˆ‘æ¢¦åˆ°è¿‡æˆ‘ä¼šçœ‹åˆ°ï¼Œå°±è¿žå†…å®¹éƒ½ä¸€æ ·"
106340222656,1647909900,"æˆ‘å¥½åƒé‡åˆ°è¿‡ä½ ï¼ˆ"
106064733536,1647697966,"å¡ç»„æŒºå¥½ç†è§£ï¼Œå°±æ˜¯ä¸æ˜¯å¾ˆå¥½ç†è§£[doge]"
105258948176,1647086688,"å›žå¤ @åŒ—é‡Žæ­¦å¯¼æ¼” :æ‚¨ä½œå“å‘¢ï¼Ÿï¼Ÿä»€ä¹ˆæˆåˆ†ã€‚"
105055371456,1646919572,"å…¨ æ˜¯ æ„Ÿ æƒ… æ²¡ æœ‰ å¯„ å·§"
104831097632,1646733874,"agfaè¿˜æœ‰24å¹´çš„ç‰‡ ä½†æ˜¯åšä¸åšä¸çŸ¥é“"
104594172320,1646537967,"å®˜å·ï¼Ÿ[æ»‘ç¨½]"
104593662928,1646537735,"å›žå¤ @USS_Missouri :è‰ å¥½é—®ï¼"
103909480064,1645968147,"ç‹‚é£Žæ¯’è›¾ï¼Ÿ"
103598403152,1645762567,"åŠ æ²¹ï¼ä¸€èµ·è¿›æ­¥ï¼"
103465767328,1645658006,"è¿˜å·®5000ï¼Œæ¼«é•¿çš„ç­‰å€™å•Šå•Šå•Šå•Šå•Šå•Šå•Šå•Š"
102949151856,1645252976,"å›žå¤ @æ˜¯é˜¿ç¢å‘€ :æˆ‘ä¹Ÿæ²¡æžåˆ°"
102931066208,1645242812,"å›žå¤ @æ˜¯é˜¿ç¢å‘€ :é˜¿bå’Œæ²¹ç®¡éƒ½æœ‰"
102918776848,1645234890,"å›žå¤ @æ˜¯é˜¿ç¢å‘€ :è¿™ä¸ªèµ„æ–™åœ¨yptå®˜æ–¹å·ä¸Šæœ‰ï¼Œå¯ä»¥ç›´æŽ¥æœåˆ°"
102794161552,1645139555,"å‘œå‘œå‘œæˆ‘è¦å‹å¸Œ"
102388912992,1644843652,"ï¼ï¼å¥½çœ‹æ"
102248538160,1644750776,"åœ¨steamä¸Šæ²¡æœ‰äººä¼šé€é’±"
102248583936,1644750759,"æˆ‘é‡åˆ°è¿‡ä¸€æ¬¡ï¼Œä½†æ˜¯è´¦å·æ‰¾å›žæ¥äº†"
102248518512,1644750746,"éª—å­ï¼Œè¾“å®Œå¸å·å¯†ç è´¦æˆ·é©¬ä¸Šè¢«ç›—ï¼Œå› ä¸ºé‚£ä¸ªç™»å½•é¡µé¢ä¹Ÿæ˜¯å‡çš„"
101879347344,1644502196,"æ±‚è¸¹"
100659306624,1643645732,"æ±‚ç¿»ç‰Œç‰Œï½ž"
100631266592,1643633001,"bgmï¼šSpring Festivalï¼ŒJuggshotsï¼ˆ"
99278202272,1642721136,"è¿™ä¸å¾—é¡¶ä½ ä¸€æ³¢"
99038342688,1642548079,"å›žå¤ @NoTuring_Steve :ä¸ºä»€ä¹ˆæˆ‘è¿™é‡Œæ˜¾ç¤ºæ‰¾ä¸åˆ°é¡µé¢ï¼Ÿ"
98827769344,1642391655,"æ’­æ”¾é‡3åˆ·åˆ°äº†ï¼Œè®ºè¿™ä¸ªå·çš„æˆåˆ†[è™Žå¹´]"
98613082096,1642229374,"å¥½è€¶"
98068759008,1641793849,"å«æ”¾è¯¾åŽ[doge]"
98060826016,1641788827,"å›žå¤ @ç¸å¯¿-ReInventy :äº”æ£±é•œ"
97790484480,1641566203,"å›žå¤ @è¡—æ—¶æ‘„å½± :æˆ‘åœ¨æ‹¿åºŸå·æµ‹è¯•çš„æ—¶å€™ä¹Ÿæœ‰è¿™ç§æƒ…å†µï¼Œæ­£åœ¨è€ƒè™‘è‡ªå†²[è™Žå¹´][è™Žå¹´]"
97784940656,1641563510,"å›žå¤ @è¡—æ—¶æ‘„å½± :å¦‚æžœç¢³æŒ‡çš„ä»…ä»…æ˜¯ï¼ˆæœªå†²ï¼‰ç´«è‰²ç‰‡åŸºä¸Šçš„é»‘è‰²è¦†å±‚çš„è¯é…’ç²¾æ˜¯å¯ä»¥ç”¨çš„ï¼Œä½†æ˜¯è¦è‡ªå·±åŠ¨æ‰‹æ“¦"
97197758176,1641097916,"è‰ï¼Œæˆ‘ä¹°çš„nikonçš„f4ï¼Œ5å·ç”µæ± æ‹äº†ä¸€å·å°±å¯„äº†"
95655490816,1639845664,"ç¥žæ˜Žå°‘å¥³ï¼ï¼"
93597734448,1638093629,"æˆ‘ä»¬å­¦æ ¡r6ï¼Œä½†æ˜¯ç»å¸¸æ²¡ç”µï¼ˆ"
93593534576,1638090976,"å›žå¤ @é—ªé€šèƒŒ :èƒ¶ç‰‡æœºçœ¼ç›æœ‰é—®é¢˜[doge]"
93393306128,1637926005,"PDFæºæ–‡ä»¶"
5836953685,1637924890,"æ˜¯çƒ­ä¹Žçš„èŒï¼"
5781635843,1637142225,"å¸¦åˆ°è‹¹æžœåº—"
5737808607,1636502276,"å›žå¤ @ä¸Šå–„è‹¥æ°·ã‚œ :æ—¥ç‰ˆæœ€ä½Ž1350ï¼Œä¸€åŒ…ptbåœ¨250å·¦å³ï¼Œå››èˆäº”å…¥200çš„ç›’å­ï¼ˆ"
5710485515,1636125705,"è°¢è°¢~"
5691422511,1635848985,"å›žå¤ @ã‚¸æŽ å¤©ä¹‹ç¿¼ã‚‰ :å››èˆå…­å…¥äº”æ±‚å¶æ‰€ä»¥5è¿˜æ˜¯5ï¼ˆ"
5691410937,1635848817,"æ±‚åˆ†äº«"
5687155168,1635776460,"å›žå¤ @é¸¾è¾‚éŸ³å°˜ :å„å¤§è§†é¢‘ç½‘ç«™æœypt2021"
5681551128,1635692121,"å›žå¤ @æˆ‘å–œæ¬¢çš„ä¸€åˆ‡ :google scholarï¼ŒçŸ¥ç½‘ï¼Œå„å¤§é™¢æ ¡çš„æ•°æ®åº“ï¼Œå¾ˆå¤šä¸€éƒ¨åˆ†éƒ½æ˜¯è¦æƒé™çš„ï¼Œå…·ä½“æœ‰ä»€ä¹ˆè¦æ‰¾çš„å¯ä»¥ç§èŠæˆ‘"
5642313095,1635116148,"å›žå¤ @äºšåŽ†å±±å¤§ç½—å¤«æ–¯åŸº :ä¸å®Œå…¨æ˜¯ï¼Œä½†æ˜¯æ‰“çš„å¾ˆå¿«ï¼Œè¿˜æœ‰æ¨ªæ‰«"
5640716617,1635083271,"å›žå¤ @lä¸€åªåˆ©å§†éœ²l :å®žé™…ä¸Šå°±æ¨¡ç»„å’Œæ•´åˆåŒ…çš„å¯çŽ©åº¦æ¥çœ‹ä½ è¯´çš„ç¡®å®žæ²¡é”™ï¼Œæˆ‘ä¹Ÿå–œæ¬¢çŽ©1.7ï¼Œå°¤å…¶æ€€å¿µæˆ˜æ–—æœºåˆ¶"
5598488263,1634441542,"è‰ï¼Œè¿™å°±æ˜¯è¯¾é—´æ“ï¼ˆç»ƒï¼‰å—"
5594801794,1634383982,"ç­‰åˆ°äº†[åƒç“œ]"
5551129362,1633705579,"è¿™ä¸ªæ˜¯é’å¹´ç‰©ç†å­¦å®¶æ¯”èµ›çš„é¢˜ç›®ï¼Œå…·ä½“çš„è¯å¯ä»¥ç½‘ä¸ŠæŸ¥æ–‡çŒ®ï¼Œæˆ–è€…ç­‰åˆ°æ˜Žå¹´çš„ç§‹å­£çœ‹å¤§ä½¬ä»¬è¾©è®ºèµ›~"
5545036867,1633614817,"This phone is so HOT![åƒç“œ][åƒç“œ]"
5530605331,1633441387,"å›žå¤ @Wakane_Niwa :ï¼ˆæ˜¯è€ç²‰äº†[åƒç“œ][åƒç“œ]"
5529519384,1633432920,"å¥½ï¼ï¼ï¼ï¼ï¼ï¼ï¼ï¼"
5516548976,1633272414,"å›žå¤ @çˆ±æˆ·å¤–çš„å°ç™½ :è‰ï¼Œæ†‹å¬ä»–çš„ï¼ˆ"
5509164094,1633184494,"å›žå¤ @Eflex :æ”¯æŒä¸€æ³¢[åƒç“œ][åƒç“œ]"
5413446520,1631868060,"äººé–“ã˜ã‚ƒãªã„ã€ç¥žã !!!"
5404163645,1631717896,"é¡¶ä¸€ä¸‹"
5333940657,1630740992,"çœæµåŠ©æ‰‹ï¼š(æˆ‘çˆ±ä½ å•Š)ã“ã®é‡ŽéƒŽ~"
5326642057,1630649646,"å¡è±†ä¹‹å±‹"
5265316495,1629970214,"æœ€å–œæ¬¢é˜´é—´äººï¼Œä¸ªäººä¹Ÿå–œæ¬¢é˜´é—´å¡ç»„[doge][doge]"
5121605151,1628591263,"å›žå¤ @æ ¼çº³åº“ä¹¦è´© :æ–°æ‰‹çš„è¯å¯ä»¥ä»Žå¥¥æ‰Žå¥‡å¡”å¼€å§‹æ‰“èµ·ï¼Œåœ¨mtgsoä¸Šå¯ä»¥æ‰¾å¡ç»„ï¼Œä¸Šæ‰‹å¾ˆå¿«ï¼Œå°±æ˜¯é€ ä»·ä¼šé«˜ä¸€ç‚¹ï¼Œå¤§æ¦‚4000ä¸€ä¸‹å¯ä»¥æžå®šï¼Œå¯ä»¥è¹²ä¸€é˜µ"
5075120993,1628132563,"ä¸‰è¿žpyäº¤æ˜“[doge]"
5065783966,1628035108,"å¯ä»¥é’çœ¼æŒ‚ç»„ä»¶ï¼Œå¯ä»¥æŒ¨æï¼Œä½†æ˜¯è½»ä¸€ç‚¹"
5056171741,1627918709,"ä¿ºä¹Ÿè¦ï¼"
5016580065,1627514289,"æ‹‰ä½Žä¸­å¥–çŽ‡"
4979617359,1627103448,"çŽ°åœ¨äººå°‘ï¼Œæ…¢è¯„çš„è¯ï¼Œè¿æ°”å¥½ä¸€å‘¨"
4843977532,1625408645,"åšå¥¥æ°æ–¯é€Ÿåº¦è¿˜æ˜¯æ…¢äº†ï¼Œè¦æ˜¯å…ˆé©±å€’æ˜¯è¿˜å¯ä»¥åšä¸€ä¸ªçº¢è“è¿‡ç‰ŒæŽ§"
4764494729,1624207167,"+1"
4699824463,1623247535,"No192è®°å½•"
4661804136,1622642655,"æ²¡ï¼Œå½“æ—¶å°±ä¹°äº†ä¸€å¥—"
4554873807,1620826603,"å›žå¤ @ç±³è¿¦ç½—Migaloo :ä½ æŠŠæˆ‘çš„ç¬”æ‹¿èµ°äº†æˆ‘æ€Žä¹ˆç­¾åå•Šï¼Ÿ[doge][doge]"
4459802795,1619238074,"ï¼ï¼ï¼"
4447289632,1619007594,"google voiceäº²æµ‹å¯è¡Œï¼ï¼tbä¸Šå°±æœ‰ï¼Œæ³¨å†Œèµ·æ¥å¾ˆæ–¹ä¾¿ï¼å†²å‘€"
4322889333,1616820017,"ç¬¬äºŒ"
4304185797,1616456991,"å¥½åƒæ˜¯epicå’Œsteam"
4234782063,1615128390,"æ„Ÿè§‰znré‡Œé¢çš„é—ªé‡‘çˆ†çŽ‡æŒºé«˜å•Šï¼ˆå•å‘å‡ºå¥‡è¿¹"
4152996814,1613789533,"ä½ åç‰¢å¿…å‡åˆ‘[doge][doge]"
4152967497,1613789161,"å±±ä¸œå¤§èˆžå° æ²¡ç—…ä½ åˆ«æ¥[doge][doge]"
4136837532,1613545164,"æ´›å¿…è¾¾ å¿½å¿…çƒˆ"
4125233518,1613366631,"é©¬ä¸Šè¿›bcg202102å¡è¡¨äº†[doge][doge]"
4120045264,1613285324,"ä¸‰è¿ž+1[æ‰“call][æ‰“call]"
4116214877,1613220293,"å›žå¤ @å®¹æ˜“ä¸­å¥–çš„æ—¶æœˆé›¨ :å¥½å®¶ä¼™æˆ‘ç›´æŽ¥+1"
4105896809,1613059217,"æ–°å¹´å¿«ä¹"
4098056537,1612958918,"é¢†åˆ°äº†ï¼ï¼ï¼å¤§å®¶æ–°å¹´å¿«ä¹å•Š
ï¼ˆæ‰å‘çŽ°ç¬¬ä¸€ä¸ªå­—æ¯æ˜¯å°å†™Lï¼‰"
4096360844,1612942161,"è¹²ä¸€ä¸ª"
4092499125,1612880704,"ä¸ç›²ç›®"
4090164746,1612859043,"'Very Professionally'"
4073183881,1612654178,"ï¼ˆä¸¤ä¸ªä¸ä¸€å®šå¤Ÿç”¨"
4064426325,1612533244,"è¿™ä¸æˆ³"
4054671415,1612415763,"ä¸å¦‚è¯´æ˜¯è®½åˆºçŸ­è§†é¢‘å¹³å°çš„æŸäº›å°ä¸‘"
4027177461,1611996069,"05:15"
4020469201,1611894006,"kksk"
4015078429,1611805570,"å†°ç»“ç•Œçš„ä¾å·«[doge][doge]"
4006488589,1611657129,"[çƒ­è¯ç³»åˆ—_ä¸‰è¿ž][çƒ­è¯ç³»åˆ—_ä¸‰è¿ž][OK][OK]"
4002916817,1611587813,"ç»™æˆ‘ä¹Ÿæ•´ä¸€ä¸ªï¼ˆä¸‰è¿žpy"
3958323056,1610788400,"åœ¨æ­»äº¡çž¬é—´è¡¥è¡€å¯ä»¥è¾¾åˆ°ä¸æ­»ä¸æ´»çš„æ•ˆæžœï¼Œå²·å”çš„è‹¦åŠ›æ€•ç”Ÿå­˜é‡Œé¢å‡ºçŽ°è¿‡"
3943610394,1610469287,"æ—¥è¯­å¤§å¤šæ•°æƒ…å†µä¸‹é€æ°”éŸ³ä¼šå˜æˆä¸é€æ°”éŸ³ï¼Œä¸¾ä¸ªä¾‹å­ï¼ŒæŠŠã€ŒäºŒäººã€ä¸­é—´çš„taå¿µæˆdaä¼šå¬èµ·æ¥æ›´è‡ªç„¶ä¸€ç‚¹ï¼Œæ€»çš„æ¥è¯´å”±çš„è¿˜æ˜¯å¾ˆå¥½çš„[æ”¯æŒ]"
3932852662,1610255054,"æ¶¨ç²‰å¥½å¿«å•Š"
3931422430,1610211359,"â€œæŒ‰çƒ­åº¦â€æŽ’åˆ—ï¼Ÿï¼Ÿï¼Ÿ"
3925999566,1610109804,"[çƒ­è¯ç³»åˆ—_å¥½å®¶ä¼™]"
3904607763,1609647639,"leiäº†leiäº†[å°ç”µè§†_èµž]"
3900583599,1609572405,"1008å·²ä¸‰è¿žï¼Œç»§ç»­åšä¸‹åŽ»ï¼Œè¦ä¸€èµ·åŠ æ²¹å•Š[å¥‹æ–—]"
3888096788,1609341838,"ä¸‡ä¸€æ–­äº†å¾ˆå±é™©çš„ï¼æ˜¯ä½ é”™äº†ï¼[doge][doge][doge]"
3884145323,1609252021,"cardestroy"
3877167960,1609085955,"å¤ç»˜è¶…åŽ‰å®³çš„ï¼(ï½¡ï½¥Ï‰ï½¥ï½¡)"
3877167011,1609085908,"[çƒ­è¯ç³»åˆ—_ä¸‰è¿ž][æ”¯æŒ][æ”¯æŒ][æ”¯æŒ]"
3877170635,1609085852,"å¤ç»˜è¶…åŽ‰å®³å•Šï¼[tv_ç‚¹èµž]ç›´æŽ¥[çƒ­è¯ç³»åˆ—_ä¸‰è¿ž]"
3799243820,1607528040,"å›žå¤ @ä¸„ä¸…å :[hanser_æµå•¤]"
3791972265,1607420640,"å¥½å®¶ä¼™ï¼Œç›´æŽ¥int"
3756866879,1606566170,"iphone7 å‘çƒ­å¡é¡¿ä¸¥é‡ å¸§çŽ‡æ„Ÿäºº"
3742707862,1606218645,"leiäº†"
3739084940,1606126781,"æƒŠçŽ°æ•£äººæ‰“åˆºå„¿çŽ°åœºï¼"
3738026674,1606103228,"[hanser_æµå•¤]"
3738021343,1606103191,"å›žå¤ @å¤§è‘±é¸­æ‹Œè±†è… :é¦–å½“å…¶å†²"
3680697917,1604710759,"å¥½å®¶ä¼™å¸¦æˆ‘ä¸€ä¸ª"
3635808355,1603597386,"å¤§ç–†ç©¿è¶Šæœº"
3632739204,1603528569,"ã€ŒãŠã¾ã„ã€å¤‰æ…‹ãŒã€‚ã€"
3630295265,1603462936,"é€ä½ ä¸ŠåŽ»"
3569607134,1601961496,"é€ä½ ä¸ŠåŽ»ï¼"
3565396708,1601873631,"äºµï¼šäº²è¿‘è€Œä¸åº„é‡[æ»‘ç¨½]"
3529595570,1601043996,"æ³¨æ„ï¼šæ²¡æœ‰â€œçŠ¯æ³•â€ï¼Œåªæœ‰â€œè¿æ³•çŠ¯ç½ªâ€ï¼ˆåˆäºŒçŸ¥è¯†ç‚¹ï¼‰"
3526244940,1600956899,"å›žå¤ @Aå¹»æµ·æ¢¦è¶A :å¥³è£…åªæœ‰0æ¬¡å’Œæ— æ•°æ¬¡ä¹‹åˆ†[æ»‘ç¨½][æ»‘ç¨½][æ»‘ç¨½]"
3526217396,1600956391,"ç»Ÿä¸€çš„å¤§å®¶ç‚¹èµžæŠŠæˆ‘é¡¶ä¸ŠåŽ»å•Š[æ»‘ç¨½][æ»‘ç¨½][æ»‘ç¨½]"
3526205731,1600956203,"å¥³è£…å¥³è£…ï¼ï¼ï¼[æ»‘ç¨½][æ»‘ç¨½][æ»‘ç¨½]"
3519213349,1600771599,"ãƒˆã‚¤ãƒ¬ã«é§†ã‘ã‚‹[æ»‘ç¨½]"
3516266452,1600687961,"å‘æ’¤ç¡•é£žå¥” ã€YOASOBIã€‘[æ»‘ç¨½]"
3509319749,1600517506,"æ®è¯´æ˜¯ç‰ˆæƒ"
3506311696,1600443300,"å“‡ï¼è¿™å°±æ˜¯å…­é“çš„å±‹å­å—ï¼å“‡ï¼å¥½å¤§å•Šï¼å“‡ï¼è¿™å°±æ˜¯å…­é“çš„æ¡Œæ¸¸å—ï¼å“‡ï¼å¥½å¤šå•Šï¼æˆ‘å¥½å–œæ¬¢å•Šï¼å…­é“çš„å±‹å­çœŸæ˜¯å¤ªæ£’å•¦ï¼ï¼ˆè¿«å®³ç‹®å­ï¼‰[æ»‘ç¨½]"
3489770685,1600009370,"æœ¬äººè§†é¢‘å·²ç»å› ä¸ºæŸäº›ä¸å¯æŠ—æ‹’å› ç´ å‰ªè¾‘äº†[å¤§å“­][å¤§å“­][å¤§å“­]"
3477541125,1599744626,"ä¸€ä¸ªæœˆå…«ä¸ªå•†å•çš„å¥‡è¿¹[æ»‘ç¨½]"
3473731660,1599653181,"çƒ­ä¹Žçš„ï¼"
3470945072,1599576709,"ä¸Šæ¬¡åŽŸå­å›žå¤äº†æˆ‘ä¸€æ¡å’Œä½ å†™çš„å·®ä¸å¤šçš„è¯„è®ºï¼Œä»–è¯´è¦è®©åŽŸå­å“¥å”±[æ»‘ç¨½][æ»‘ç¨½][æ»‘ç¨½]"
3448069273,1599059099,"my heart will go on âŒ
my heart will go off âœ…"
3444548624,1598976568,"@æ¯•å¯¼ä¸HU @åŽå¯¼THU @æ¯•å¯¼ICU [æ»‘ç¨½][æ»‘ç¨½][æ»‘ç¨½]"
3416413221,1598490453,"æˆ‘çš„æœªæ¥ä¸æ˜¯æ¢¦æ²¡äº† çˆ·é’ç»“"
3381237287,1597924948,"èµ¶ç´§ä¿æŠ¤ä¸€ä¸‹ï¼ˆæˆ‘æ”¯æŒä½ ï¼‰[çƒ­è¯ç³»åˆ—_ä¿æŠ¤]"
3377080023,1597854311,"å›žå¤ @ä¸¨é†’æ¥ä¸¶ :Lç³»åˆ—ç”¨çš„å°±æ˜¯halåº“ï¼Œå®žé™…ä¸Šçœ‹å®Œè¿™ä¸ªè§†é¢‘æ˜¯å¯ä»¥ç±»æŽ¨çš„"
3375449468,1597837958,"å‹¾è‚¡å®šç†çš„é€†å®šç†ï¼Œè‚¡æ²Ÿå®šç†[OK][æ»‘ç¨½][æ»‘ç¨½][æ»‘ç¨½]"
3370433668,1597759545,"éº»çƒ¦å¤§å®¶å¸®å¿™è½¬å‘ä¸€ä¸‹[æ»‘ç¨½][æ»‘ç¨½][æ»‘ç¨½]"
3311879063,1596878834,"æ¨Ÿè„‘ä¸¸ï¼ï¼ï¼[doge]"
3310690693,1596864015,"ä¸ä¼šå§ä¸ä¼šå§ï¼Œä½ æ‰2çº§ï¼Ÿ"
3275703731,1596342969,"ãƒ¬ãƒ¼ã‚¹[doge]"
3272000222,1596279216,"å›žå¤ @æš—å¤œçš„é»‘çŒ« :@å‡ºæ¥äº†ä¸ªä»€ä¹ˆ [doge][æ»‘ç¨½]"
3268026730,1596209428,"å¤§å®¶éƒ½æ˜¯æ€Žä¹ˆæŠ¢åˆ°äº†å‰10çš„å•Š[çƒ­è¯ç³»åˆ—_æˆ‘å¤ªå—äº†]"
3237737860,1595741205,"ä¹ä¸€nbï¼ï¼ï¼
ï¼ˆéº»çƒ¦å‘ç©ºè€³çš„äººæ­‡æ­‡ï¼Œå¥½å½±å“è§‚æ„Ÿ...ï¼‰"
3177225987,1594721723,"æµ·é£žä¸[doge]"
3177110992,1594720378,"åˆ†æ¯++[çƒ­è¯ç³»åˆ—_æ‰“å¡]"
3142900933,1594111486,"å¸å¸å¸å¸å¸"
3133928259,1593947034,"nb è·Ÿä½ æ··äº†"
3131624326,1593916055,"wocï¼ä¸æ˜Žè§‰åŽ‰"
3129941947,1593871086,"å°ä¸­è€ƒå¯ç®€å•äº†ï¼Œå¥½å¥½å¤ä¹ æ”¾å¿ƒè€ƒï¼Œç»å¯¹æ²¡é—®é¢˜"
3102734080,1593362585,"ä¸‰è¿žæ±‚æºç ï¼"
3069408204,1592749921,"ä¸–ç•Œçº¿å˜åŠ¨çŽ‡ï¼Ÿ"
3037175475,1592123167,"äººå¥½å°‘å•Š"
2898037107,1589548235,"æˆ‘ä¹Ÿè¦å•Šå•Šå•Šå•Šå•Š"
2868073104,1589031032,"2821341767@qq.comè°¢è°¢"
2813676394,1588245196,"+1"
2741056383,1587191260,"è†œæ‹œå¤§ä½¬ï¼ŒarctimeçœŸçš„å¾ˆæ£’ï¼"
2656902336,1586049839,"ä¸‰è¿žæ±‚pcb[doge]"
2633440117,1585711918,"å›žå¤ @æ“…é•¿ä½œæ­»çš„ç„®æ–‡åŒå­¦ :ä¸€èµ·ç»¿[æ»‘ç¨½]"
2633215170,1585709743,"ä½ ç»¿äº†"
2622946490,1585568959,"æœ‰æ²¡æœ‰äººå’Œæˆ‘ä¸€æ ·æƒ³è¦åšä¸€ä¸ªä½†ä¸çŸ¥é“é›¶ä»¶åž‹å·çš„[å¤§å“­]"
2398844368,1582158109,"ubuntu"
2325728177,1580732717,"è¿™ä¸ªæ€Žä¹ˆå¼„ï¼Ÿæˆ‘ä¹Ÿè¦[å·ç¬‘][å·ç¬‘][å·ç¬‘]"
2311967173,1580405497,"store.steampowerED.com"
2227247673,1577977168,"è¾£ä¼¼çœŸçš„æµæ‰¹"
2210744545,1577461454,"å‰ææ˜¯å¾—èƒ½çœ‹æ‡‚"
2207609733,1577356840,"æ„›saveLIARS æ„›ç„¡sameCRIERS"
2195699372,1576939332,"è¶…ç”µç£ç‚®"
2010240453,1570289341,"å›žå¤ @ä¸€åæ‹¯æ•‘äººç†çš„æ¸…æ´å·¥ :ç¦æ­¢ç¦æ­¢ç¦æ­¢ç¦æ­¢ç¦æ­¢ç¦å¥—å¨ƒ"
1977610768,1569138427,"å›žå¤ @Minekil :ä¸æ­¢"
1974012085,1569021111,"å®žé™…[æ»‘ç¨½]"
1973468281,1568990457,"19ä¸‡æ‰“å¡"
1973453683,1568990101,"25.7ä¸‡ç±³æ‰“å¡"
1961458412,1568525434,"å›žå¤ @TechLinked :? ? ?"
1924663320,1567219672,"So, thanks for watching guys. If you disliked this video you can hit that button. But if you liked it, hit like, get subscribed, or maybe considering buying some stuff at the link below."
1924602015,1567217915,"æœ‰ä¸€æœŸè§†é¢‘æ²¡äº†ï¼Ÿï¼Ÿï¼Ÿ"
1915520831,1566970480,"@æˆ‘æ˜¯éƒ­æ°ç‘ž"
1911795825,1566874699,"hinå¯ä»¥"
1909025854,1566797387,"å®˜æ–¹[æ»‘ç¨½]"
1908874323,1566794579,"cake-Flo Rida"
1908688400,1566790667,"é¡¶ä¸ŠåŽ»"
1896706313,1566476351,"Creeperï¼Ÿ"
1835025778,1564975122,"é¸¡ä½ å¤ªç¾Ž"
1818078566,1564554028,"é€’å½’é«˜ç²¾åº¦ä¹˜æ–¹"
1806870626,1564271358,"å¤§å¸ˆçƒ"
1795586012,1563972061,"æ€Žä¹ˆçœ‹å•Š"
1788701284,1563796206,"@Warma"
1786719404,1563736159,"@Warma"
1786720883,1563735946,"@Warma"
1601963419,1557747293,"èµ›æ‰¬G550è·¯è¿‡"
1583508935,1557072655,"æ–°äººæ¥çŽ©"